type,full,abbr,wrong_vis,regex_vis
scr_sp.us,Screen_,SCR_,Screen,(screening|screen|scr)(\_+|\s+)
scr,screen,SCR,Screen,(screening|screen|scr)
s_nosp,Day0,D0,d0,d0(?![:digit:])
s_sp,Day0,D0,d 0,d\s0(?![:digit:])
s_us,Day0,D0,d_0,d\_0(?![:digit:])
f_nosp,Day0,D0,day0,day0(?![:digit:])
f_sp,Day0,D0,day 0,day\s0(?![:digit:])
f_us,Day0,D0,day_0,day\_0(?![:digit:])
abb_nosp,Day0,D0,d0,d0(?![:digit:])
abb_sp,Day0,D0,d 0,d\s0(?![:digit:])
abb_us,Day0,D0,d_0,d\_0(?![:digit:])
s_nosp,Day1,D1,d1,d1(?![:digit:])
s_sp,Day1,D1,d 1,d\s1(?![:digit:])
s_us,Day1,D1,d_1,d\_1(?![:digit:])
f_nosp,Day1,D1,day1,day1(?![:digit:])
f_sp,Day1,D1,day 1,day\s1(?![:digit:])
f_us,Day1,D1,day_1,day\_1(?![:digit:])
abb_nosp,Day1,D1,d1,d1(?![:digit:])
abb_sp,Day1,D1,d 1,d\s1(?![:digit:])
abb_us,Day1,D1,d_1,d\_1(?![:digit:])
s_nosp,Day2,D2,d2,d2(?![:digit:])
s_sp,Day2,D2,d 2,d\s2(?![:digit:])
s_us,Day2,D2,d_2,d\_2(?![:digit:])
f_nosp,Day2,D2,day2,day2(?![:digit:])
f_sp,Day2,D2,day 2,day\s2(?![:digit:])
f_us,Day2,D2,day_2,day\_2(?![:digit:])
abb_nosp,Day2,D2,d2,d2(?![:digit:])
abb_sp,Day2,D2,d 2,d\s2(?![:digit:])
abb_us,Day2,D2,d_2,d\_2(?![:digit:])
s_nosp,Day3,D3,d3,d3(?![:digit:])
s_sp,Day3,D3,d 3,d\s3(?![:digit:])
s_us,Day3,D3,d_3,d\_3(?![:digit:])
f_nosp,Day3,D3,day3,day3(?![:digit:])
f_sp,Day3,D3,day 3,day\s3(?![:digit:])
f_us,Day3,D3,day_3,day\_3(?![:digit:])
abb_nosp,Day3,D3,d3,d3(?![:digit:])
abb_sp,Day3,D3,d 3,d\s3(?![:digit:])
abb_us,Day3,D3,d_3,d\_3(?![:digit:])
s_nosp,Day4,D4,d4,d4(?![:digit:])
s_sp,Day4,D4,d 4,d\s4(?![:digit:])
s_us,Day4,D4,d_4,d\_4(?![:digit:])
f_nosp,Day4,D4,day4,day4(?![:digit:])
f_sp,Day4,D4,day 4,day\s4(?![:digit:])
f_us,Day4,D4,day_4,day\_4(?![:digit:])
abb_nosp,Day4,D4,d4,d4(?![:digit:])
abb_sp,Day4,D4,d 4,d\s4(?![:digit:])
abb_us,Day4,D4,d_4,d\_4(?![:digit:])
s_nosp,Day5,D5,d5,d5(?![:digit:])
s_sp,Day5,D5,d 5,d\s5(?![:digit:])
s_us,Day5,D5,d_5,d\_5(?![:digit:])
f_nosp,Day5,D5,day5,day5(?![:digit:])
f_sp,Day5,D5,day 5,day\s5(?![:digit:])
f_us,Day5,D5,day_5,day\_5(?![:digit:])
abb_nosp,Day5,D5,d5,d5(?![:digit:])
abb_sp,Day5,D5,d 5,d\s5(?![:digit:])
abb_us,Day5,D5,d_5,d\_5(?![:digit:])
s_nosp,Day6,D6,d6,d6(?![:digit:])
s_sp,Day6,D6,d 6,d\s6(?![:digit:])
s_us,Day6,D6,d_6,d\_6(?![:digit:])
f_nosp,Day6,D6,day6,day6(?![:digit:])
f_sp,Day6,D6,day 6,day\s6(?![:digit:])
f_us,Day6,D6,day_6,day\_6(?![:digit:])
abb_nosp,Day6,D6,d6,d6(?![:digit:])
abb_sp,Day6,D6,d 6,d\s6(?![:digit:])
abb_us,Day6,D6,d_6,d\_6(?![:digit:])
s_nosp,Day7,D7,d7,d7(?![:digit:])
s_sp,Day7,D7,d 7,d\s7(?![:digit:])
s_us,Day7,D7,d_7,d\_7(?![:digit:])
f_nosp,Day7,D7,day7,day7(?![:digit:])
f_sp,Day7,D7,day 7,day\s7(?![:digit:])
f_us,Day7,D7,day_7,day\_7(?![:digit:])
abb_nosp,Day7,D7,d7,d7(?![:digit:])
abb_sp,Day7,D7,d 7,d\s7(?![:digit:])
abb_us,Day7,D7,d_7,d\_7(?![:digit:])
s_nosp,Day8,D8,d8,d8(?![:digit:])
s_sp,Day8,D8,d 8,d\s8(?![:digit:])
s_us,Day8,D8,d_8,d\_8(?![:digit:])
f_nosp,Day8,D8,day8,day8(?![:digit:])
f_sp,Day8,D8,day 8,day\s8(?![:digit:])
f_us,Day8,D8,day_8,day\_8(?![:digit:])
abb_nosp,Day8,D8,d8,d8(?![:digit:])
abb_sp,Day8,D8,d 8,d\s8(?![:digit:])
abb_us,Day8,D8,d_8,d\_8(?![:digit:])
s_nosp,Day9,D9,d9,d9(?![:digit:])
s_sp,Day9,D9,d 9,d\s9(?![:digit:])
s_us,Day9,D9,d_9,d\_9(?![:digit:])
f_nosp,Day9,D9,day9,day9(?![:digit:])
f_sp,Day9,D9,day 9,day\s9(?![:digit:])
f_us,Day9,D9,day_9,day\_9(?![:digit:])
abb_nosp,Day9,D9,d9,d9(?![:digit:])
abb_sp,Day9,D9,d 9,d\s9(?![:digit:])
abb_us,Day9,D9,d_9,d\_9(?![:digit:])
s_nosp,Day10,D10,d10,d10(?![:digit:])
s_sp,Day10,D10,d 10,d\s10(?![:digit:])
s_us,Day10,D10,d_10,d\_10(?![:digit:])
f_nosp,Day10,D10,day10,day10(?![:digit:])
f_sp,Day10,D10,day 10,day\s10(?![:digit:])
f_us,Day10,D10,day_10,day\_10(?![:digit:])
abb_nosp,Day10,D10,d10,d10(?![:digit:])
abb_sp,Day10,D10,d 10,d\s10(?![:digit:])
abb_us,Day10,D10,d_10,d\_10(?![:digit:])
s_nosp,Day11,D11,d11,d11(?![:digit:])
s_sp,Day11,D11,d 11,d\s11(?![:digit:])
s_us,Day11,D11,d_11,d\_11(?![:digit:])
f_nosp,Day11,D11,day11,day11(?![:digit:])
f_sp,Day11,D11,day 11,day\s11(?![:digit:])
f_us,Day11,D11,day_11,day\_11(?![:digit:])
abb_nosp,Day11,D11,d11,d11(?![:digit:])
abb_sp,Day11,D11,d 11,d\s11(?![:digit:])
abb_us,Day11,D11,d_11,d\_11(?![:digit:])
s_nosp,Day12,D12,d12,d12(?![:digit:])
s_sp,Day12,D12,d 12,d\s12(?![:digit:])
s_us,Day12,D12,d_12,d\_12(?![:digit:])
f_nosp,Day12,D12,day12,day12(?![:digit:])
f_sp,Day12,D12,day 12,day\s12(?![:digit:])
f_us,Day12,D12,day_12,day\_12(?![:digit:])
abb_nosp,Day12,D12,d12,d12(?![:digit:])
abb_sp,Day12,D12,d 12,d\s12(?![:digit:])
abb_us,Day12,D12,d_12,d\_12(?![:digit:])
s_nosp,Day13,D13,d13,d13(?![:digit:])
s_sp,Day13,D13,d 13,d\s13(?![:digit:])
s_us,Day13,D13,d_13,d\_13(?![:digit:])
f_nosp,Day13,D13,day13,day13(?![:digit:])
f_sp,Day13,D13,day 13,day\s13(?![:digit:])
f_us,Day13,D13,day_13,day\_13(?![:digit:])
abb_nosp,Day13,D13,d13,d13(?![:digit:])
abb_sp,Day13,D13,d 13,d\s13(?![:digit:])
abb_us,Day13,D13,d_13,d\_13(?![:digit:])
s_nosp,Day14,D14,d14,d14(?![:digit:])
s_sp,Day14,D14,d 14,d\s14(?![:digit:])
s_us,Day14,D14,d_14,d\_14(?![:digit:])
f_nosp,Day14,D14,day14,day14(?![:digit:])
f_sp,Day14,D14,day 14,day\s14(?![:digit:])
f_us,Day14,D14,day_14,day\_14(?![:digit:])
abb_nosp,Day14,D14,d14,d14(?![:digit:])
abb_sp,Day14,D14,d 14,d\s14(?![:digit:])
abb_us,Day14,D14,d_14,d\_14(?![:digit:])
s_nosp,Day15,D15,d15,d15(?![:digit:])
s_sp,Day15,D15,d 15,d\s15(?![:digit:])
s_us,Day15,D15,d_15,d\_15(?![:digit:])
f_nosp,Day15,D15,day15,day15(?![:digit:])
f_sp,Day15,D15,day 15,day\s15(?![:digit:])
f_us,Day15,D15,day_15,day\_15(?![:digit:])
abb_nosp,Day15,D15,d15,d15(?![:digit:])
abb_sp,Day15,D15,d 15,d\s15(?![:digit:])
abb_us,Day15,D15,d_15,d\_15(?![:digit:])
s_nosp,Day16,D16,d16,d16(?![:digit:])
s_sp,Day16,D16,d 16,d\s16(?![:digit:])
s_us,Day16,D16,d_16,d\_16(?![:digit:])
f_nosp,Day16,D16,day16,day16(?![:digit:])
f_sp,Day16,D16,day 16,day\s16(?![:digit:])
f_us,Day16,D16,day_16,day\_16(?![:digit:])
abb_nosp,Day16,D16,d16,d16(?![:digit:])
abb_sp,Day16,D16,d 16,d\s16(?![:digit:])
abb_us,Day16,D16,d_16,d\_16(?![:digit:])
s_nosp,Day17,D17,d17,d17(?![:digit:])
s_sp,Day17,D17,d 17,d\s17(?![:digit:])
s_us,Day17,D17,d_17,d\_17(?![:digit:])
f_nosp,Day17,D17,day17,day17(?![:digit:])
f_sp,Day17,D17,day 17,day\s17(?![:digit:])
f_us,Day17,D17,day_17,day\_17(?![:digit:])
abb_nosp,Day17,D17,d17,d17(?![:digit:])
abb_sp,Day17,D17,d 17,d\s17(?![:digit:])
abb_us,Day17,D17,d_17,d\_17(?![:digit:])
s_nosp,Day18,D18,d18,d18(?![:digit:])
s_sp,Day18,D18,d 18,d\s18(?![:digit:])
s_us,Day18,D18,d_18,d\_18(?![:digit:])
f_nosp,Day18,D18,day18,day18(?![:digit:])
f_sp,Day18,D18,day 18,day\s18(?![:digit:])
f_us,Day18,D18,day_18,day\_18(?![:digit:])
abb_nosp,Day18,D18,d18,d18(?![:digit:])
abb_sp,Day18,D18,d 18,d\s18(?![:digit:])
abb_us,Day18,D18,d_18,d\_18(?![:digit:])
s_nosp,Day19,D19,d19,d19(?![:digit:])
s_sp,Day19,D19,d 19,d\s19(?![:digit:])
s_us,Day19,D19,d_19,d\_19(?![:digit:])
f_nosp,Day19,D19,day19,day19(?![:digit:])
f_sp,Day19,D19,day 19,day\s19(?![:digit:])
f_us,Day19,D19,day_19,day\_19(?![:digit:])
abb_nosp,Day19,D19,d19,d19(?![:digit:])
abb_sp,Day19,D19,d 19,d\s19(?![:digit:])
abb_us,Day19,D19,d_19,d\_19(?![:digit:])
s_nosp,Day20,D20,d20,d20(?![:digit:])
s_sp,Day20,D20,d 20,d\s20(?![:digit:])
s_us,Day20,D20,d_20,d\_20(?![:digit:])
f_nosp,Day20,D20,day20,day20(?![:digit:])
f_sp,Day20,D20,day 20,day\s20(?![:digit:])
f_us,Day20,D20,day_20,day\_20(?![:digit:])
abb_nosp,Day20,D20,d20,d20(?![:digit:])
abb_sp,Day20,D20,d 20,d\s20(?![:digit:])
abb_us,Day20,D20,d_20,d\_20(?![:digit:])
s_nosp,Day21,D21,d21,d21(?![:digit:])
s_sp,Day21,D21,d 21,d\s21(?![:digit:])
s_us,Day21,D21,d_21,d\_21(?![:digit:])
f_nosp,Day21,D21,day21,day21(?![:digit:])
f_sp,Day21,D21,day 21,day\s21(?![:digit:])
f_us,Day21,D21,day_21,day\_21(?![:digit:])
abb_nosp,Day21,D21,d21,d21(?![:digit:])
abb_sp,Day21,D21,d 21,d\s21(?![:digit:])
abb_us,Day21,D21,d_21,d\_21(?![:digit:])
s_nosp,Day22,D22,d22,d22(?![:digit:])
s_sp,Day22,D22,d 22,d\s22(?![:digit:])
s_us,Day22,D22,d_22,d\_22(?![:digit:])
f_nosp,Day22,D22,day22,day22(?![:digit:])
f_sp,Day22,D22,day 22,day\s22(?![:digit:])
f_us,Day22,D22,day_22,day\_22(?![:digit:])
abb_nosp,Day22,D22,d22,d22(?![:digit:])
abb_sp,Day22,D22,d 22,d\s22(?![:digit:])
abb_us,Day22,D22,d_22,d\_22(?![:digit:])
s_nosp,Day23,D23,d23,d23(?![:digit:])
s_sp,Day23,D23,d 23,d\s23(?![:digit:])
s_us,Day23,D23,d_23,d\_23(?![:digit:])
f_nosp,Day23,D23,day23,day23(?![:digit:])
f_sp,Day23,D23,day 23,day\s23(?![:digit:])
f_us,Day23,D23,day_23,day\_23(?![:digit:])
abb_nosp,Day23,D23,d23,d23(?![:digit:])
abb_sp,Day23,D23,d 23,d\s23(?![:digit:])
abb_us,Day23,D23,d_23,d\_23(?![:digit:])
s_nosp,Day24,D24,d24,d24(?![:digit:])
s_sp,Day24,D24,d 24,d\s24(?![:digit:])
s_us,Day24,D24,d_24,d\_24(?![:digit:])
f_nosp,Day24,D24,day24,day24(?![:digit:])
f_sp,Day24,D24,day 24,day\s24(?![:digit:])
f_us,Day24,D24,day_24,day\_24(?![:digit:])
abb_nosp,Day24,D24,d24,d24(?![:digit:])
abb_sp,Day24,D24,d 24,d\s24(?![:digit:])
abb_us,Day24,D24,d_24,d\_24(?![:digit:])
s_nosp,Day25,D25,d25,d25(?![:digit:])
s_sp,Day25,D25,d 25,d\s25(?![:digit:])
s_us,Day25,D25,d_25,d\_25(?![:digit:])
f_nosp,Day25,D25,day25,day25(?![:digit:])
f_sp,Day25,D25,day 25,day\s25(?![:digit:])
f_us,Day25,D25,day_25,day\_25(?![:digit:])
abb_nosp,Day25,D25,d25,d25(?![:digit:])
abb_sp,Day25,D25,d 25,d\s25(?![:digit:])
abb_us,Day25,D25,d_25,d\_25(?![:digit:])
s_nosp,Day26,D26,d26,d26(?![:digit:])
s_sp,Day26,D26,d 26,d\s26(?![:digit:])
s_us,Day26,D26,d_26,d\_26(?![:digit:])
f_nosp,Day26,D26,day26,day26(?![:digit:])
f_sp,Day26,D26,day 26,day\s26(?![:digit:])
f_us,Day26,D26,day_26,day\_26(?![:digit:])
abb_nosp,Day26,D26,d26,d26(?![:digit:])
abb_sp,Day26,D26,d 26,d\s26(?![:digit:])
abb_us,Day26,D26,d_26,d\_26(?![:digit:])
s_nosp,Day27,D27,d27,d27(?![:digit:])
s_sp,Day27,D27,d 27,d\s27(?![:digit:])
s_us,Day27,D27,d_27,d\_27(?![:digit:])
f_nosp,Day27,D27,day27,day27(?![:digit:])
f_sp,Day27,D27,day 27,day\s27(?![:digit:])
f_us,Day27,D27,day_27,day\_27(?![:digit:])
abb_nosp,Day27,D27,d27,d27(?![:digit:])
abb_sp,Day27,D27,d 27,d\s27(?![:digit:])
abb_us,Day27,D27,d_27,d\_27(?![:digit:])
s_nosp,Day28,D28,d28,d28(?![:digit:])
s_sp,Day28,D28,d 28,d\s28(?![:digit:])
s_us,Day28,D28,d_28,d\_28(?![:digit:])
f_nosp,Day28,D28,day28,day28(?![:digit:])
f_sp,Day28,D28,day 28,day\s28(?![:digit:])
f_us,Day28,D28,day_28,day\_28(?![:digit:])
abb_nosp,Day28,D28,d28,d28(?![:digit:])
abb_sp,Day28,D28,d 28,d\s28(?![:digit:])
abb_us,Day28,D28,d_28,d\_28(?![:digit:])
s_nosp,Day29,D29,d29,d29(?![:digit:])
s_sp,Day29,D29,d 29,d\s29(?![:digit:])
s_us,Day29,D29,d_29,d\_29(?![:digit:])
f_nosp,Day29,D29,day29,day29(?![:digit:])
f_sp,Day29,D29,day 29,day\s29(?![:digit:])
f_us,Day29,D29,day_29,day\_29(?![:digit:])
abb_nosp,Day29,D29,d29,d29(?![:digit:])
abb_sp,Day29,D29,d 29,d\s29(?![:digit:])
abb_us,Day29,D29,d_29,d\_29(?![:digit:])
s_nosp,Day30,D30,d30,d30(?![:digit:])
s_sp,Day30,D30,d 30,d\s30(?![:digit:])
s_us,Day30,D30,d_30,d\_30(?![:digit:])
f_nosp,Day30,D30,day30,day30(?![:digit:])
f_sp,Day30,D30,day 30,day\s30(?![:digit:])
f_us,Day30,D30,day_30,day\_30(?![:digit:])
abb_nosp,Day30,D30,d30,d30(?![:digit:])
abb_sp,Day30,D30,d 30,d\s30(?![:digit:])
abb_us,Day30,D30,d_30,d\_30(?![:digit:])
s_nosp,Day31,D31,d31,d31(?![:digit:])
s_sp,Day31,D31,d 31,d\s31(?![:digit:])
s_us,Day31,D31,d_31,d\_31(?![:digit:])
f_nosp,Day31,D31,day31,day31(?![:digit:])
f_sp,Day31,D31,day 31,day\s31(?![:digit:])
f_us,Day31,D31,day_31,day\_31(?![:digit:])
abb_nosp,Day31,D31,d31,d31(?![:digit:])
abb_sp,Day31,D31,d 31,d\s31(?![:digit:])
abb_us,Day31,D31,d_31,d\_31(?![:digit:])
s_nosp,Day32,D32,d32,d32(?![:digit:])
s_sp,Day32,D32,d 32,d\s32(?![:digit:])
s_us,Day32,D32,d_32,d\_32(?![:digit:])
f_nosp,Day32,D32,day32,day32(?![:digit:])
f_sp,Day32,D32,day 32,day\s32(?![:digit:])
f_us,Day32,D32,day_32,day\_32(?![:digit:])
abb_nosp,Day32,D32,d32,d32(?![:digit:])
abb_sp,Day32,D32,d 32,d\s32(?![:digit:])
abb_us,Day32,D32,d_32,d\_32(?![:digit:])
s_nosp,Day33,D33,d33,d33(?![:digit:])
s_sp,Day33,D33,d 33,d\s33(?![:digit:])
s_us,Day33,D33,d_33,d\_33(?![:digit:])
f_nosp,Day33,D33,day33,day33(?![:digit:])
f_sp,Day33,D33,day 33,day\s33(?![:digit:])
f_us,Day33,D33,day_33,day\_33(?![:digit:])
abb_nosp,Day33,D33,d33,d33(?![:digit:])
abb_sp,Day33,D33,d 33,d\s33(?![:digit:])
abb_us,Day33,D33,d_33,d\_33(?![:digit:])
s_nosp,Day34,D34,d34,d34(?![:digit:])
s_sp,Day34,D34,d 34,d\s34(?![:digit:])
s_us,Day34,D34,d_34,d\_34(?![:digit:])
f_nosp,Day34,D34,day34,day34(?![:digit:])
f_sp,Day34,D34,day 34,day\s34(?![:digit:])
f_us,Day34,D34,day_34,day\_34(?![:digit:])
abb_nosp,Day34,D34,d34,d34(?![:digit:])
abb_sp,Day34,D34,d 34,d\s34(?![:digit:])
abb_us,Day34,D34,d_34,d\_34(?![:digit:])
s_nosp,Day35,D35,d35,d35(?![:digit:])
s_sp,Day35,D35,d 35,d\s35(?![:digit:])
s_us,Day35,D35,d_35,d\_35(?![:digit:])
f_nosp,Day35,D35,day35,day35(?![:digit:])
f_sp,Day35,D35,day 35,day\s35(?![:digit:])
f_us,Day35,D35,day_35,day\_35(?![:digit:])
abb_nosp,Day35,D35,d35,d35(?![:digit:])
abb_sp,Day35,D35,d 35,d\s35(?![:digit:])
abb_us,Day35,D35,d_35,d\_35(?![:digit:])
s_nosp,Day36,D36,d36,d36(?![:digit:])
s_sp,Day36,D36,d 36,d\s36(?![:digit:])
s_us,Day36,D36,d_36,d\_36(?![:digit:])
f_nosp,Day36,D36,day36,day36(?![:digit:])
f_sp,Day36,D36,day 36,day\s36(?![:digit:])
f_us,Day36,D36,day_36,day\_36(?![:digit:])
abb_nosp,Day36,D36,d36,d36(?![:digit:])
abb_sp,Day36,D36,d 36,d\s36(?![:digit:])
abb_us,Day36,D36,d_36,d\_36(?![:digit:])
s_nosp,Day37,D37,d37,d37(?![:digit:])
s_sp,Day37,D37,d 37,d\s37(?![:digit:])
s_us,Day37,D37,d_37,d\_37(?![:digit:])
f_nosp,Day37,D37,day37,day37(?![:digit:])
f_sp,Day37,D37,day 37,day\s37(?![:digit:])
f_us,Day37,D37,day_37,day\_37(?![:digit:])
abb_nosp,Day37,D37,d37,d37(?![:digit:])
abb_sp,Day37,D37,d 37,d\s37(?![:digit:])
abb_us,Day37,D37,d_37,d\_37(?![:digit:])
s_nosp,Day38,D38,d38,d38(?![:digit:])
s_sp,Day38,D38,d 38,d\s38(?![:digit:])
s_us,Day38,D38,d_38,d\_38(?![:digit:])
f_nosp,Day38,D38,day38,day38(?![:digit:])
f_sp,Day38,D38,day 38,day\s38(?![:digit:])
f_us,Day38,D38,day_38,day\_38(?![:digit:])
abb_nosp,Day38,D38,d38,d38(?![:digit:])
abb_sp,Day38,D38,d 38,d\s38(?![:digit:])
abb_us,Day38,D38,d_38,d\_38(?![:digit:])
s_nosp,Day39,D39,d39,d39(?![:digit:])
s_sp,Day39,D39,d 39,d\s39(?![:digit:])
s_us,Day39,D39,d_39,d\_39(?![:digit:])
f_nosp,Day39,D39,day39,day39(?![:digit:])
f_sp,Day39,D39,day 39,day\s39(?![:digit:])
f_us,Day39,D39,day_39,day\_39(?![:digit:])
abb_nosp,Day39,D39,d39,d39(?![:digit:])
abb_sp,Day39,D39,d 39,d\s39(?![:digit:])
abb_us,Day39,D39,d_39,d\_39(?![:digit:])
s_nosp,Day40,D40,d40,d40(?![:digit:])
s_sp,Day40,D40,d 40,d\s40(?![:digit:])
s_us,Day40,D40,d_40,d\_40(?![:digit:])
f_nosp,Day40,D40,day40,day40(?![:digit:])
f_sp,Day40,D40,day 40,day\s40(?![:digit:])
f_us,Day40,D40,day_40,day\_40(?![:digit:])
abb_nosp,Day40,D40,d40,d40(?![:digit:])
abb_sp,Day40,D40,d 40,d\s40(?![:digit:])
abb_us,Day40,D40,d_40,d\_40(?![:digit:])
s_nosp,Day41,D41,d41,d41(?![:digit:])
s_sp,Day41,D41,d 41,d\s41(?![:digit:])
s_us,Day41,D41,d_41,d\_41(?![:digit:])
f_nosp,Day41,D41,day41,day41(?![:digit:])
f_sp,Day41,D41,day 41,day\s41(?![:digit:])
f_us,Day41,D41,day_41,day\_41(?![:digit:])
abb_nosp,Day41,D41,d41,d41(?![:digit:])
abb_sp,Day41,D41,d 41,d\s41(?![:digit:])
abb_us,Day41,D41,d_41,d\_41(?![:digit:])
s_nosp,Day42,D42,d42,d42(?![:digit:])
s_sp,Day42,D42,d 42,d\s42(?![:digit:])
s_us,Day42,D42,d_42,d\_42(?![:digit:])
f_nosp,Day42,D42,day42,day42(?![:digit:])
f_sp,Day42,D42,day 42,day\s42(?![:digit:])
f_us,Day42,D42,day_42,day\_42(?![:digit:])
abb_nosp,Day42,D42,d42,d42(?![:digit:])
abb_sp,Day42,D42,d 42,d\s42(?![:digit:])
abb_us,Day42,D42,d_42,d\_42(?![:digit:])
s_nosp,Day43,D43,d43,d43(?![:digit:])
s_sp,Day43,D43,d 43,d\s43(?![:digit:])
s_us,Day43,D43,d_43,d\_43(?![:digit:])
f_nosp,Day43,D43,day43,day43(?![:digit:])
f_sp,Day43,D43,day 43,day\s43(?![:digit:])
f_us,Day43,D43,day_43,day\_43(?![:digit:])
abb_nosp,Day43,D43,d43,d43(?![:digit:])
abb_sp,Day43,D43,d 43,d\s43(?![:digit:])
abb_us,Day43,D43,d_43,d\_43(?![:digit:])
s_nosp,Day44,D44,d44,d44(?![:digit:])
s_sp,Day44,D44,d 44,d\s44(?![:digit:])
s_us,Day44,D44,d_44,d\_44(?![:digit:])
f_nosp,Day44,D44,day44,day44(?![:digit:])
f_sp,Day44,D44,day 44,day\s44(?![:digit:])
f_us,Day44,D44,day_44,day\_44(?![:digit:])
abb_nosp,Day44,D44,d44,d44(?![:digit:])
abb_sp,Day44,D44,d 44,d\s44(?![:digit:])
abb_us,Day44,D44,d_44,d\_44(?![:digit:])
s_nosp,Day45,D45,d45,d45(?![:digit:])
s_sp,Day45,D45,d 45,d\s45(?![:digit:])
s_us,Day45,D45,d_45,d\_45(?![:digit:])
f_nosp,Day45,D45,day45,day45(?![:digit:])
f_sp,Day45,D45,day 45,day\s45(?![:digit:])
f_us,Day45,D45,day_45,day\_45(?![:digit:])
abb_nosp,Day45,D45,d45,d45(?![:digit:])
abb_sp,Day45,D45,d 45,d\s45(?![:digit:])
abb_us,Day45,D45,d_45,d\_45(?![:digit:])
s_nosp,Day46,D46,d46,d46(?![:digit:])
s_sp,Day46,D46,d 46,d\s46(?![:digit:])
s_us,Day46,D46,d_46,d\_46(?![:digit:])
f_nosp,Day46,D46,day46,day46(?![:digit:])
f_sp,Day46,D46,day 46,day\s46(?![:digit:])
f_us,Day46,D46,day_46,day\_46(?![:digit:])
abb_nosp,Day46,D46,d46,d46(?![:digit:])
abb_sp,Day46,D46,d 46,d\s46(?![:digit:])
abb_us,Day46,D46,d_46,d\_46(?![:digit:])
s_nosp,Day47,D47,d47,d47(?![:digit:])
s_sp,Day47,D47,d 47,d\s47(?![:digit:])
s_us,Day47,D47,d_47,d\_47(?![:digit:])
f_nosp,Day47,D47,day47,day47(?![:digit:])
f_sp,Day47,D47,day 47,day\s47(?![:digit:])
f_us,Day47,D47,day_47,day\_47(?![:digit:])
abb_nosp,Day47,D47,d47,d47(?![:digit:])
abb_sp,Day47,D47,d 47,d\s47(?![:digit:])
abb_us,Day47,D47,d_47,d\_47(?![:digit:])
s_nosp,Day48,D48,d48,d48(?![:digit:])
s_sp,Day48,D48,d 48,d\s48(?![:digit:])
s_us,Day48,D48,d_48,d\_48(?![:digit:])
f_nosp,Day48,D48,day48,day48(?![:digit:])
f_sp,Day48,D48,day 48,day\s48(?![:digit:])
f_us,Day48,D48,day_48,day\_48(?![:digit:])
abb_nosp,Day48,D48,d48,d48(?![:digit:])
abb_sp,Day48,D48,d 48,d\s48(?![:digit:])
abb_us,Day48,D48,d_48,d\_48(?![:digit:])
s_nosp,Day49,D49,d49,d49(?![:digit:])
s_sp,Day49,D49,d 49,d\s49(?![:digit:])
s_us,Day49,D49,d_49,d\_49(?![:digit:])
f_nosp,Day49,D49,day49,day49(?![:digit:])
f_sp,Day49,D49,day 49,day\s49(?![:digit:])
f_us,Day49,D49,day_49,day\_49(?![:digit:])
abb_nosp,Day49,D49,d49,d49(?![:digit:])
abb_sp,Day49,D49,d 49,d\s49(?![:digit:])
abb_us,Day49,D49,d_49,d\_49(?![:digit:])
s_nosp,Day50,D50,d50,d50(?![:digit:])
s_sp,Day50,D50,d 50,d\s50(?![:digit:])
s_us,Day50,D50,d_50,d\_50(?![:digit:])
f_nosp,Day50,D50,day50,day50(?![:digit:])
f_sp,Day50,D50,day 50,day\s50(?![:digit:])
f_us,Day50,D50,day_50,day\_50(?![:digit:])
abb_nosp,Day50,D50,d50,d50(?![:digit:])
abb_sp,Day50,D50,d 50,d\s50(?![:digit:])
abb_us,Day50,D50,d_50,d\_50(?![:digit:])
s_nosp,Day51,D51,d51,d51(?![:digit:])
s_sp,Day51,D51,d 51,d\s51(?![:digit:])
s_us,Day51,D51,d_51,d\_51(?![:digit:])
f_nosp,Day51,D51,day51,day51(?![:digit:])
f_sp,Day51,D51,day 51,day\s51(?![:digit:])
f_us,Day51,D51,day_51,day\_51(?![:digit:])
abb_nosp,Day51,D51,d51,d51(?![:digit:])
abb_sp,Day51,D51,d 51,d\s51(?![:digit:])
abb_us,Day51,D51,d_51,d\_51(?![:digit:])
s_nosp,Day52,D52,d52,d52(?![:digit:])
s_sp,Day52,D52,d 52,d\s52(?![:digit:])
s_us,Day52,D52,d_52,d\_52(?![:digit:])
f_nosp,Day52,D52,day52,day52(?![:digit:])
f_sp,Day52,D52,day 52,day\s52(?![:digit:])
f_us,Day52,D52,day_52,day\_52(?![:digit:])
abb_nosp,Day52,D52,d52,d52(?![:digit:])
abb_sp,Day52,D52,d 52,d\s52(?![:digit:])
abb_us,Day52,D52,d_52,d\_52(?![:digit:])
s_nosp,Day53,D53,d53,d53(?![:digit:])
s_sp,Day53,D53,d 53,d\s53(?![:digit:])
s_us,Day53,D53,d_53,d\_53(?![:digit:])
f_nosp,Day53,D53,day53,day53(?![:digit:])
f_sp,Day53,D53,day 53,day\s53(?![:digit:])
f_us,Day53,D53,day_53,day\_53(?![:digit:])
abb_nosp,Day53,D53,d53,d53(?![:digit:])
abb_sp,Day53,D53,d 53,d\s53(?![:digit:])
abb_us,Day53,D53,d_53,d\_53(?![:digit:])
s_nosp,Day54,D54,d54,d54(?![:digit:])
s_sp,Day54,D54,d 54,d\s54(?![:digit:])
s_us,Day54,D54,d_54,d\_54(?![:digit:])
f_nosp,Day54,D54,day54,day54(?![:digit:])
f_sp,Day54,D54,day 54,day\s54(?![:digit:])
f_us,Day54,D54,day_54,day\_54(?![:digit:])
abb_nosp,Day54,D54,d54,d54(?![:digit:])
abb_sp,Day54,D54,d 54,d\s54(?![:digit:])
abb_us,Day54,D54,d_54,d\_54(?![:digit:])
s_nosp,Day55,D55,d55,d55(?![:digit:])
s_sp,Day55,D55,d 55,d\s55(?![:digit:])
s_us,Day55,D55,d_55,d\_55(?![:digit:])
f_nosp,Day55,D55,day55,day55(?![:digit:])
f_sp,Day55,D55,day 55,day\s55(?![:digit:])
f_us,Day55,D55,day_55,day\_55(?![:digit:])
abb_nosp,Day55,D55,d55,d55(?![:digit:])
abb_sp,Day55,D55,d 55,d\s55(?![:digit:])
abb_us,Day55,D55,d_55,d\_55(?![:digit:])
s_nosp,Day56,D56,d56,d56(?![:digit:])
s_sp,Day56,D56,d 56,d\s56(?![:digit:])
s_us,Day56,D56,d_56,d\_56(?![:digit:])
f_nosp,Day56,D56,day56,day56(?![:digit:])
f_sp,Day56,D56,day 56,day\s56(?![:digit:])
f_us,Day56,D56,day_56,day\_56(?![:digit:])
abb_nosp,Day56,D56,d56,d56(?![:digit:])
abb_sp,Day56,D56,d 56,d\s56(?![:digit:])
abb_us,Day56,D56,d_56,d\_56(?![:digit:])
s_nosp,Day57,D57,d57,d57(?![:digit:])
s_sp,Day57,D57,d 57,d\s57(?![:digit:])
s_us,Day57,D57,d_57,d\_57(?![:digit:])
f_nosp,Day57,D57,day57,day57(?![:digit:])
f_sp,Day57,D57,day 57,day\s57(?![:digit:])
f_us,Day57,D57,day_57,day\_57(?![:digit:])
abb_nosp,Day57,D57,d57,d57(?![:digit:])
abb_sp,Day57,D57,d 57,d\s57(?![:digit:])
abb_us,Day57,D57,d_57,d\_57(?![:digit:])
s_nosp,Day58,D58,d58,d58(?![:digit:])
s_sp,Day58,D58,d 58,d\s58(?![:digit:])
s_us,Day58,D58,d_58,d\_58(?![:digit:])
f_nosp,Day58,D58,day58,day58(?![:digit:])
f_sp,Day58,D58,day 58,day\s58(?![:digit:])
f_us,Day58,D58,day_58,day\_58(?![:digit:])
abb_nosp,Day58,D58,d58,d58(?![:digit:])
abb_sp,Day58,D58,d 58,d\s58(?![:digit:])
abb_us,Day58,D58,d_58,d\_58(?![:digit:])
s_nosp,Day59,D59,d59,d59(?![:digit:])
s_sp,Day59,D59,d 59,d\s59(?![:digit:])
s_us,Day59,D59,d_59,d\_59(?![:digit:])
f_nosp,Day59,D59,day59,day59(?![:digit:])
f_sp,Day59,D59,day 59,day\s59(?![:digit:])
f_us,Day59,D59,day_59,day\_59(?![:digit:])
abb_nosp,Day59,D59,d59,d59(?![:digit:])
abb_sp,Day59,D59,d 59,d\s59(?![:digit:])
abb_us,Day59,D59,d_59,d\_59(?![:digit:])
s_nosp,Day60,D60,d60,d60(?![:digit:])
s_sp,Day60,D60,d 60,d\s60(?![:digit:])
s_us,Day60,D60,d_60,d\_60(?![:digit:])
f_nosp,Day60,D60,day60,day60(?![:digit:])
f_sp,Day60,D60,day 60,day\s60(?![:digit:])
f_us,Day60,D60,day_60,day\_60(?![:digit:])
abb_nosp,Day60,D60,d60,d60(?![:digit:])
abb_sp,Day60,D60,d 60,d\s60(?![:digit:])
abb_us,Day60,D60,d_60,d\_60(?![:digit:])
s_nosp,Day61,D61,d61,d61(?![:digit:])
s_sp,Day61,D61,d 61,d\s61(?![:digit:])
s_us,Day61,D61,d_61,d\_61(?![:digit:])
f_nosp,Day61,D61,day61,day61(?![:digit:])
f_sp,Day61,D61,day 61,day\s61(?![:digit:])
f_us,Day61,D61,day_61,day\_61(?![:digit:])
abb_nosp,Day61,D61,d61,d61(?![:digit:])
abb_sp,Day61,D61,d 61,d\s61(?![:digit:])
abb_us,Day61,D61,d_61,d\_61(?![:digit:])
s_nosp,Day62,D62,d62,d62(?![:digit:])
s_sp,Day62,D62,d 62,d\s62(?![:digit:])
s_us,Day62,D62,d_62,d\_62(?![:digit:])
f_nosp,Day62,D62,day62,day62(?![:digit:])
f_sp,Day62,D62,day 62,day\s62(?![:digit:])
f_us,Day62,D62,day_62,day\_62(?![:digit:])
abb_nosp,Day62,D62,d62,d62(?![:digit:])
abb_sp,Day62,D62,d 62,d\s62(?![:digit:])
abb_us,Day62,D62,d_62,d\_62(?![:digit:])
s_nosp,Day63,D63,d63,d63(?![:digit:])
s_sp,Day63,D63,d 63,d\s63(?![:digit:])
s_us,Day63,D63,d_63,d\_63(?![:digit:])
f_nosp,Day63,D63,day63,day63(?![:digit:])
f_sp,Day63,D63,day 63,day\s63(?![:digit:])
f_us,Day63,D63,day_63,day\_63(?![:digit:])
abb_nosp,Day63,D63,d63,d63(?![:digit:])
abb_sp,Day63,D63,d 63,d\s63(?![:digit:])
abb_us,Day63,D63,d_63,d\_63(?![:digit:])
s_nosp,Day64,D64,d64,d64(?![:digit:])
s_sp,Day64,D64,d 64,d\s64(?![:digit:])
s_us,Day64,D64,d_64,d\_64(?![:digit:])
f_nosp,Day64,D64,day64,day64(?![:digit:])
f_sp,Day64,D64,day 64,day\s64(?![:digit:])
f_us,Day64,D64,day_64,day\_64(?![:digit:])
abb_nosp,Day64,D64,d64,d64(?![:digit:])
abb_sp,Day64,D64,d 64,d\s64(?![:digit:])
abb_us,Day64,D64,d_64,d\_64(?![:digit:])
s_nosp,Day65,D65,d65,d65(?![:digit:])
s_sp,Day65,D65,d 65,d\s65(?![:digit:])
s_us,Day65,D65,d_65,d\_65(?![:digit:])
f_nosp,Day65,D65,day65,day65(?![:digit:])
f_sp,Day65,D65,day 65,day\s65(?![:digit:])
f_us,Day65,D65,day_65,day\_65(?![:digit:])
abb_nosp,Day65,D65,d65,d65(?![:digit:])
abb_sp,Day65,D65,d 65,d\s65(?![:digit:])
abb_us,Day65,D65,d_65,d\_65(?![:digit:])
s_nosp,Day66,D66,d66,d66(?![:digit:])
s_sp,Day66,D66,d 66,d\s66(?![:digit:])
s_us,Day66,D66,d_66,d\_66(?![:digit:])
f_nosp,Day66,D66,day66,day66(?![:digit:])
f_sp,Day66,D66,day 66,day\s66(?![:digit:])
f_us,Day66,D66,day_66,day\_66(?![:digit:])
abb_nosp,Day66,D66,d66,d66(?![:digit:])
abb_sp,Day66,D66,d 66,d\s66(?![:digit:])
abb_us,Day66,D66,d_66,d\_66(?![:digit:])
s_nosp,Day67,D67,d67,d67(?![:digit:])
s_sp,Day67,D67,d 67,d\s67(?![:digit:])
s_us,Day67,D67,d_67,d\_67(?![:digit:])
f_nosp,Day67,D67,day67,day67(?![:digit:])
f_sp,Day67,D67,day 67,day\s67(?![:digit:])
f_us,Day67,D67,day_67,day\_67(?![:digit:])
abb_nosp,Day67,D67,d67,d67(?![:digit:])
abb_sp,Day67,D67,d 67,d\s67(?![:digit:])
abb_us,Day67,D67,d_67,d\_67(?![:digit:])
s_nosp,Day68,D68,d68,d68(?![:digit:])
s_sp,Day68,D68,d 68,d\s68(?![:digit:])
s_us,Day68,D68,d_68,d\_68(?![:digit:])
f_nosp,Day68,D68,day68,day68(?![:digit:])
f_sp,Day68,D68,day 68,day\s68(?![:digit:])
f_us,Day68,D68,day_68,day\_68(?![:digit:])
abb_nosp,Day68,D68,d68,d68(?![:digit:])
abb_sp,Day68,D68,d 68,d\s68(?![:digit:])
abb_us,Day68,D68,d_68,d\_68(?![:digit:])
s_nosp,Day69,D69,d69,d69(?![:digit:])
s_sp,Day69,D69,d 69,d\s69(?![:digit:])
s_us,Day69,D69,d_69,d\_69(?![:digit:])
f_nosp,Day69,D69,day69,day69(?![:digit:])
f_sp,Day69,D69,day 69,day\s69(?![:digit:])
f_us,Day69,D69,day_69,day\_69(?![:digit:])
abb_nosp,Day69,D69,d69,d69(?![:digit:])
abb_sp,Day69,D69,d 69,d\s69(?![:digit:])
abb_us,Day69,D69,d_69,d\_69(?![:digit:])
s_nosp,Day70,D70,d70,d70(?![:digit:])
s_sp,Day70,D70,d 70,d\s70(?![:digit:])
s_us,Day70,D70,d_70,d\_70(?![:digit:])
f_nosp,Day70,D70,day70,day70(?![:digit:])
f_sp,Day70,D70,day 70,day\s70(?![:digit:])
f_us,Day70,D70,day_70,day\_70(?![:digit:])
abb_nosp,Day70,D70,d70,d70(?![:digit:])
abb_sp,Day70,D70,d 70,d\s70(?![:digit:])
abb_us,Day70,D70,d_70,d\_70(?![:digit:])
s_nosp,Day71,D71,d71,d71(?![:digit:])
s_sp,Day71,D71,d 71,d\s71(?![:digit:])
s_us,Day71,D71,d_71,d\_71(?![:digit:])
f_nosp,Day71,D71,day71,day71(?![:digit:])
f_sp,Day71,D71,day 71,day\s71(?![:digit:])
f_us,Day71,D71,day_71,day\_71(?![:digit:])
abb_nosp,Day71,D71,d71,d71(?![:digit:])
abb_sp,Day71,D71,d 71,d\s71(?![:digit:])
abb_us,Day71,D71,d_71,d\_71(?![:digit:])
s_nosp,Day72,D72,d72,d72(?![:digit:])
s_sp,Day72,D72,d 72,d\s72(?![:digit:])
s_us,Day72,D72,d_72,d\_72(?![:digit:])
f_nosp,Day72,D72,day72,day72(?![:digit:])
f_sp,Day72,D72,day 72,day\s72(?![:digit:])
f_us,Day72,D72,day_72,day\_72(?![:digit:])
abb_nosp,Day72,D72,d72,d72(?![:digit:])
abb_sp,Day72,D72,d 72,d\s72(?![:digit:])
abb_us,Day72,D72,d_72,d\_72(?![:digit:])
s_nosp,Day73,D73,d73,d73(?![:digit:])
s_sp,Day73,D73,d 73,d\s73(?![:digit:])
s_us,Day73,D73,d_73,d\_73(?![:digit:])
f_nosp,Day73,D73,day73,day73(?![:digit:])
f_sp,Day73,D73,day 73,day\s73(?![:digit:])
f_us,Day73,D73,day_73,day\_73(?![:digit:])
abb_nosp,Day73,D73,d73,d73(?![:digit:])
abb_sp,Day73,D73,d 73,d\s73(?![:digit:])
abb_us,Day73,D73,d_73,d\_73(?![:digit:])
s_nosp,Day74,D74,d74,d74(?![:digit:])
s_sp,Day74,D74,d 74,d\s74(?![:digit:])
s_us,Day74,D74,d_74,d\_74(?![:digit:])
f_nosp,Day74,D74,day74,day74(?![:digit:])
f_sp,Day74,D74,day 74,day\s74(?![:digit:])
f_us,Day74,D74,day_74,day\_74(?![:digit:])
abb_nosp,Day74,D74,d74,d74(?![:digit:])
abb_sp,Day74,D74,d 74,d\s74(?![:digit:])
abb_us,Day74,D74,d_74,d\_74(?![:digit:])
s_nosp,Day75,D75,d75,d75(?![:digit:])
s_sp,Day75,D75,d 75,d\s75(?![:digit:])
s_us,Day75,D75,d_75,d\_75(?![:digit:])
f_nosp,Day75,D75,day75,day75(?![:digit:])
f_sp,Day75,D75,day 75,day\s75(?![:digit:])
f_us,Day75,D75,day_75,day\_75(?![:digit:])
abb_nosp,Day75,D75,d75,d75(?![:digit:])
abb_sp,Day75,D75,d 75,d\s75(?![:digit:])
abb_us,Day75,D75,d_75,d\_75(?![:digit:])
s_nosp,Day76,D76,d76,d76(?![:digit:])
s_sp,Day76,D76,d 76,d\s76(?![:digit:])
s_us,Day76,D76,d_76,d\_76(?![:digit:])
f_nosp,Day76,D76,day76,day76(?![:digit:])
f_sp,Day76,D76,day 76,day\s76(?![:digit:])
f_us,Day76,D76,day_76,day\_76(?![:digit:])
abb_nosp,Day76,D76,d76,d76(?![:digit:])
abb_sp,Day76,D76,d 76,d\s76(?![:digit:])
abb_us,Day76,D76,d_76,d\_76(?![:digit:])
s_nosp,Day77,D77,d77,d77(?![:digit:])
s_sp,Day77,D77,d 77,d\s77(?![:digit:])
s_us,Day77,D77,d_77,d\_77(?![:digit:])
f_nosp,Day77,D77,day77,day77(?![:digit:])
f_sp,Day77,D77,day 77,day\s77(?![:digit:])
f_us,Day77,D77,day_77,day\_77(?![:digit:])
abb_nosp,Day77,D77,d77,d77(?![:digit:])
abb_sp,Day77,D77,d 77,d\s77(?![:digit:])
abb_us,Day77,D77,d_77,d\_77(?![:digit:])
s_nosp,Day78,D78,d78,d78(?![:digit:])
s_sp,Day78,D78,d 78,d\s78(?![:digit:])
s_us,Day78,D78,d_78,d\_78(?![:digit:])
f_nosp,Day78,D78,day78,day78(?![:digit:])
f_sp,Day78,D78,day 78,day\s78(?![:digit:])
f_us,Day78,D78,day_78,day\_78(?![:digit:])
abb_nosp,Day78,D78,d78,d78(?![:digit:])
abb_sp,Day78,D78,d 78,d\s78(?![:digit:])
abb_us,Day78,D78,d_78,d\_78(?![:digit:])
s_nosp,Day79,D79,d79,d79(?![:digit:])
s_sp,Day79,D79,d 79,d\s79(?![:digit:])
s_us,Day79,D79,d_79,d\_79(?![:digit:])
f_nosp,Day79,D79,day79,day79(?![:digit:])
f_sp,Day79,D79,day 79,day\s79(?![:digit:])
f_us,Day79,D79,day_79,day\_79(?![:digit:])
abb_nosp,Day79,D79,d79,d79(?![:digit:])
abb_sp,Day79,D79,d 79,d\s79(?![:digit:])
abb_us,Day79,D79,d_79,d\_79(?![:digit:])
s_nosp,Day80,D80,d80,d80(?![:digit:])
s_sp,Day80,D80,d 80,d\s80(?![:digit:])
s_us,Day80,D80,d_80,d\_80(?![:digit:])
f_nosp,Day80,D80,day80,day80(?![:digit:])
f_sp,Day80,D80,day 80,day\s80(?![:digit:])
f_us,Day80,D80,day_80,day\_80(?![:digit:])
abb_nosp,Day80,D80,d80,d80(?![:digit:])
abb_sp,Day80,D80,d 80,d\s80(?![:digit:])
abb_us,Day80,D80,d_80,d\_80(?![:digit:])
s_nosp,Day81,D81,d81,d81(?![:digit:])
s_sp,Day81,D81,d 81,d\s81(?![:digit:])
s_us,Day81,D81,d_81,d\_81(?![:digit:])
f_nosp,Day81,D81,day81,day81(?![:digit:])
f_sp,Day81,D81,day 81,day\s81(?![:digit:])
f_us,Day81,D81,day_81,day\_81(?![:digit:])
abb_nosp,Day81,D81,d81,d81(?![:digit:])
abb_sp,Day81,D81,d 81,d\s81(?![:digit:])
abb_us,Day81,D81,d_81,d\_81(?![:digit:])
s_nosp,Day82,D82,d82,d82(?![:digit:])
s_sp,Day82,D82,d 82,d\s82(?![:digit:])
s_us,Day82,D82,d_82,d\_82(?![:digit:])
f_nosp,Day82,D82,day82,day82(?![:digit:])
f_sp,Day82,D82,day 82,day\s82(?![:digit:])
f_us,Day82,D82,day_82,day\_82(?![:digit:])
abb_nosp,Day82,D82,d82,d82(?![:digit:])
abb_sp,Day82,D82,d 82,d\s82(?![:digit:])
abb_us,Day82,D82,d_82,d\_82(?![:digit:])
s_nosp,Day83,D83,d83,d83(?![:digit:])
s_sp,Day83,D83,d 83,d\s83(?![:digit:])
s_us,Day83,D83,d_83,d\_83(?![:digit:])
f_nosp,Day83,D83,day83,day83(?![:digit:])
f_sp,Day83,D83,day 83,day\s83(?![:digit:])
f_us,Day83,D83,day_83,day\_83(?![:digit:])
abb_nosp,Day83,D83,d83,d83(?![:digit:])
abb_sp,Day83,D83,d 83,d\s83(?![:digit:])
abb_us,Day83,D83,d_83,d\_83(?![:digit:])
s_nosp,Day84,D84,d84,d84(?![:digit:])
s_sp,Day84,D84,d 84,d\s84(?![:digit:])
s_us,Day84,D84,d_84,d\_84(?![:digit:])
f_nosp,Day84,D84,day84,day84(?![:digit:])
f_sp,Day84,D84,day 84,day\s84(?![:digit:])
f_us,Day84,D84,day_84,day\_84(?![:digit:])
abb_nosp,Day84,D84,d84,d84(?![:digit:])
abb_sp,Day84,D84,d 84,d\s84(?![:digit:])
abb_us,Day84,D84,d_84,d\_84(?![:digit:])
s_nosp,Day85,D85,d85,d85(?![:digit:])
s_sp,Day85,D85,d 85,d\s85(?![:digit:])
s_us,Day85,D85,d_85,d\_85(?![:digit:])
f_nosp,Day85,D85,day85,day85(?![:digit:])
f_sp,Day85,D85,day 85,day\s85(?![:digit:])
f_us,Day85,D85,day_85,day\_85(?![:digit:])
abb_nosp,Day85,D85,d85,d85(?![:digit:])
abb_sp,Day85,D85,d 85,d\s85(?![:digit:])
abb_us,Day85,D85,d_85,d\_85(?![:digit:])
s_nosp,Day86,D86,d86,d86(?![:digit:])
s_sp,Day86,D86,d 86,d\s86(?![:digit:])
s_us,Day86,D86,d_86,d\_86(?![:digit:])
f_nosp,Day86,D86,day86,day86(?![:digit:])
f_sp,Day86,D86,day 86,day\s86(?![:digit:])
f_us,Day86,D86,day_86,day\_86(?![:digit:])
abb_nosp,Day86,D86,d86,d86(?![:digit:])
abb_sp,Day86,D86,d 86,d\s86(?![:digit:])
abb_us,Day86,D86,d_86,d\_86(?![:digit:])
s_nosp,Day87,D87,d87,d87(?![:digit:])
s_sp,Day87,D87,d 87,d\s87(?![:digit:])
s_us,Day87,D87,d_87,d\_87(?![:digit:])
f_nosp,Day87,D87,day87,day87(?![:digit:])
f_sp,Day87,D87,day 87,day\s87(?![:digit:])
f_us,Day87,D87,day_87,day\_87(?![:digit:])
abb_nosp,Day87,D87,d87,d87(?![:digit:])
abb_sp,Day87,D87,d 87,d\s87(?![:digit:])
abb_us,Day87,D87,d_87,d\_87(?![:digit:])
s_nosp,Day88,D88,d88,d88(?![:digit:])
s_sp,Day88,D88,d 88,d\s88(?![:digit:])
s_us,Day88,D88,d_88,d\_88(?![:digit:])
f_nosp,Day88,D88,day88,day88(?![:digit:])
f_sp,Day88,D88,day 88,day\s88(?![:digit:])
f_us,Day88,D88,day_88,day\_88(?![:digit:])
abb_nosp,Day88,D88,d88,d88(?![:digit:])
abb_sp,Day88,D88,d 88,d\s88(?![:digit:])
abb_us,Day88,D88,d_88,d\_88(?![:digit:])
s_nosp,Day89,D89,d89,d89(?![:digit:])
s_sp,Day89,D89,d 89,d\s89(?![:digit:])
s_us,Day89,D89,d_89,d\_89(?![:digit:])
f_nosp,Day89,D89,day89,day89(?![:digit:])
f_sp,Day89,D89,day 89,day\s89(?![:digit:])
f_us,Day89,D89,day_89,day\_89(?![:digit:])
abb_nosp,Day89,D89,d89,d89(?![:digit:])
abb_sp,Day89,D89,d 89,d\s89(?![:digit:])
abb_us,Day89,D89,d_89,d\_89(?![:digit:])
s_nosp,Day90,D90,d90,d90(?![:digit:])
s_sp,Day90,D90,d 90,d\s90(?![:digit:])
s_us,Day90,D90,d_90,d\_90(?![:digit:])
f_nosp,Day90,D90,day90,day90(?![:digit:])
f_sp,Day90,D90,day 90,day\s90(?![:digit:])
f_us,Day90,D90,day_90,day\_90(?![:digit:])
abb_nosp,Day90,D90,d90,d90(?![:digit:])
abb_sp,Day90,D90,d 90,d\s90(?![:digit:])
abb_us,Day90,D90,d_90,d\_90(?![:digit:])
s_nosp,Day91,D91,d91,d91(?![:digit:])
s_sp,Day91,D91,d 91,d\s91(?![:digit:])
s_us,Day91,D91,d_91,d\_91(?![:digit:])
f_nosp,Day91,D91,day91,day91(?![:digit:])
f_sp,Day91,D91,day 91,day\s91(?![:digit:])
f_us,Day91,D91,day_91,day\_91(?![:digit:])
abb_nosp,Day91,D91,d91,d91(?![:digit:])
abb_sp,Day91,D91,d 91,d\s91(?![:digit:])
abb_us,Day91,D91,d_91,d\_91(?![:digit:])
s_nosp,Day92,D92,d92,d92(?![:digit:])
s_sp,Day92,D92,d 92,d\s92(?![:digit:])
s_us,Day92,D92,d_92,d\_92(?![:digit:])
f_nosp,Day92,D92,day92,day92(?![:digit:])
f_sp,Day92,D92,day 92,day\s92(?![:digit:])
f_us,Day92,D92,day_92,day\_92(?![:digit:])
abb_nosp,Day92,D92,d92,d92(?![:digit:])
abb_sp,Day92,D92,d 92,d\s92(?![:digit:])
abb_us,Day92,D92,d_92,d\_92(?![:digit:])
s_nosp,Day93,D93,d93,d93(?![:digit:])
s_sp,Day93,D93,d 93,d\s93(?![:digit:])
s_us,Day93,D93,d_93,d\_93(?![:digit:])
f_nosp,Day93,D93,day93,day93(?![:digit:])
f_sp,Day93,D93,day 93,day\s93(?![:digit:])
f_us,Day93,D93,day_93,day\_93(?![:digit:])
abb_nosp,Day93,D93,d93,d93(?![:digit:])
abb_sp,Day93,D93,d 93,d\s93(?![:digit:])
abb_us,Day93,D93,d_93,d\_93(?![:digit:])
s_nosp,Day94,D94,d94,d94(?![:digit:])
s_sp,Day94,D94,d 94,d\s94(?![:digit:])
s_us,Day94,D94,d_94,d\_94(?![:digit:])
f_nosp,Day94,D94,day94,day94(?![:digit:])
f_sp,Day94,D94,day 94,day\s94(?![:digit:])
f_us,Day94,D94,day_94,day\_94(?![:digit:])
abb_nosp,Day94,D94,d94,d94(?![:digit:])
abb_sp,Day94,D94,d 94,d\s94(?![:digit:])
abb_us,Day94,D94,d_94,d\_94(?![:digit:])
s_nosp,Day95,D95,d95,d95(?![:digit:])
s_sp,Day95,D95,d 95,d\s95(?![:digit:])
s_us,Day95,D95,d_95,d\_95(?![:digit:])
f_nosp,Day95,D95,day95,day95(?![:digit:])
f_sp,Day95,D95,day 95,day\s95(?![:digit:])
f_us,Day95,D95,day_95,day\_95(?![:digit:])
abb_nosp,Day95,D95,d95,d95(?![:digit:])
abb_sp,Day95,D95,d 95,d\s95(?![:digit:])
abb_us,Day95,D95,d_95,d\_95(?![:digit:])
s_nosp,Day96,D96,d96,d96(?![:digit:])
s_sp,Day96,D96,d 96,d\s96(?![:digit:])
s_us,Day96,D96,d_96,d\_96(?![:digit:])
f_nosp,Day96,D96,day96,day96(?![:digit:])
f_sp,Day96,D96,day 96,day\s96(?![:digit:])
f_us,Day96,D96,day_96,day\_96(?![:digit:])
abb_nosp,Day96,D96,d96,d96(?![:digit:])
abb_sp,Day96,D96,d 96,d\s96(?![:digit:])
abb_us,Day96,D96,d_96,d\_96(?![:digit:])
s_nosp,Day97,D97,d97,d97(?![:digit:])
s_sp,Day97,D97,d 97,d\s97(?![:digit:])
s_us,Day97,D97,d_97,d\_97(?![:digit:])
f_nosp,Day97,D97,day97,day97(?![:digit:])
f_sp,Day97,D97,day 97,day\s97(?![:digit:])
f_us,Day97,D97,day_97,day\_97(?![:digit:])
abb_nosp,Day97,D97,d97,d97(?![:digit:])
abb_sp,Day97,D97,d 97,d\s97(?![:digit:])
abb_us,Day97,D97,d_97,d\_97(?![:digit:])
s_nosp,Day98,D98,d98,d98(?![:digit:])
s_sp,Day98,D98,d 98,d\s98(?![:digit:])
s_us,Day98,D98,d_98,d\_98(?![:digit:])
f_nosp,Day98,D98,day98,day98(?![:digit:])
f_sp,Day98,D98,day 98,day\s98(?![:digit:])
f_us,Day98,D98,day_98,day\_98(?![:digit:])
abb_nosp,Day98,D98,d98,d98(?![:digit:])
abb_sp,Day98,D98,d 98,d\s98(?![:digit:])
abb_us,Day98,D98,d_98,d\_98(?![:digit:])
s_nosp,Day99,D99,d99,d99(?![:digit:])
s_sp,Day99,D99,d 99,d\s99(?![:digit:])
s_us,Day99,D99,d_99,d\_99(?![:digit:])
f_nosp,Day99,D99,day99,day99(?![:digit:])
f_sp,Day99,D99,day 99,day\s99(?![:digit:])
f_us,Day99,D99,day_99,day\_99(?![:digit:])
abb_nosp,Day99,D99,d99,d99(?![:digit:])
abb_sp,Day99,D99,d 99,d\s99(?![:digit:])
abb_us,Day99,D99,d_99,d\_99(?![:digit:])
s_nosp,Day100,D100,d100,d100(?![:digit:])
s_sp,Day100,D100,d 100,d\s100(?![:digit:])
s_us,Day100,D100,d_100,d\_100(?![:digit:])
f_nosp,Day100,D100,day100,day100(?![:digit:])
f_sp,Day100,D100,day 100,day\s100(?![:digit:])
f_us,Day100,D100,day_100,day\_100(?![:digit:])
abb_nosp,Day100,D100,d100,d100(?![:digit:])
abb_sp,Day100,D100,d 100,d\s100(?![:digit:])
abb_us,Day100,D100,d_100,d\_100(?![:digit:])
s_nosp,Week0,WK0,w0,w0(?![:digit:])
s_sp,Week0,WK0,w 0,w\s0(?![:digit:])
s_us,Week0,WK0,w_0,w\_0(?![:digit:])
f_nosp,Week0,WK0,week0,week0(?![:digit:])
f_sp,Week0,WK0,week 0,week\s0(?![:digit:])
f_us,Week0,WK0,week_0,week\_0(?![:digit:])
abb_nosp,Week0,WK0,wk0,wk0(?![:digit:])
abb_sp,Week0,WK0,wk 0,wk\s0(?![:digit:])
abb_us,Week0,WK0,wk_0,wk\_0(?![:digit:])
s_nosp,Week1,WK1,w1,w1(?![:digit:])
s_sp,Week1,WK1,w 1,w\s1(?![:digit:])
s_us,Week1,WK1,w_1,w\_1(?![:digit:])
f_nosp,Week1,WK1,week1,week1(?![:digit:])
f_sp,Week1,WK1,week 1,week\s1(?![:digit:])
f_us,Week1,WK1,week_1,week\_1(?![:digit:])
abb_nosp,Week1,WK1,wk1,wk1(?![:digit:])
abb_sp,Week1,WK1,wk 1,wk\s1(?![:digit:])
abb_us,Week1,WK1,wk_1,wk\_1(?![:digit:])
s_nosp,Week2,WK2,w2,w2(?![:digit:])
s_sp,Week2,WK2,w 2,w\s2(?![:digit:])
s_us,Week2,WK2,w_2,w\_2(?![:digit:])
f_nosp,Week2,WK2,week2,week2(?![:digit:])
f_sp,Week2,WK2,week 2,week\s2(?![:digit:])
f_us,Week2,WK2,week_2,week\_2(?![:digit:])
abb_nosp,Week2,WK2,wk2,wk2(?![:digit:])
abb_sp,Week2,WK2,wk 2,wk\s2(?![:digit:])
abb_us,Week2,WK2,wk_2,wk\_2(?![:digit:])
s_nosp,Week3,WK3,w3,w3(?![:digit:])
s_sp,Week3,WK3,w 3,w\s3(?![:digit:])
s_us,Week3,WK3,w_3,w\_3(?![:digit:])
f_nosp,Week3,WK3,week3,week3(?![:digit:])
f_sp,Week3,WK3,week 3,week\s3(?![:digit:])
f_us,Week3,WK3,week_3,week\_3(?![:digit:])
abb_nosp,Week3,WK3,wk3,wk3(?![:digit:])
abb_sp,Week3,WK3,wk 3,wk\s3(?![:digit:])
abb_us,Week3,WK3,wk_3,wk\_3(?![:digit:])
s_nosp,Week4,WK4,w4,w4(?![:digit:])
s_sp,Week4,WK4,w 4,w\s4(?![:digit:])
s_us,Week4,WK4,w_4,w\_4(?![:digit:])
f_nosp,Week4,WK4,week4,week4(?![:digit:])
f_sp,Week4,WK4,week 4,week\s4(?![:digit:])
f_us,Week4,WK4,week_4,week\_4(?![:digit:])
abb_nosp,Week4,WK4,wk4,wk4(?![:digit:])
abb_sp,Week4,WK4,wk 4,wk\s4(?![:digit:])
abb_us,Week4,WK4,wk_4,wk\_4(?![:digit:])
s_nosp,Week5,WK5,w5,w5(?![:digit:])
s_sp,Week5,WK5,w 5,w\s5(?![:digit:])
s_us,Week5,WK5,w_5,w\_5(?![:digit:])
f_nosp,Week5,WK5,week5,week5(?![:digit:])
f_sp,Week5,WK5,week 5,week\s5(?![:digit:])
f_us,Week5,WK5,week_5,week\_5(?![:digit:])
abb_nosp,Week5,WK5,wk5,wk5(?![:digit:])
abb_sp,Week5,WK5,wk 5,wk\s5(?![:digit:])
abb_us,Week5,WK5,wk_5,wk\_5(?![:digit:])
s_nosp,Week6,WK6,w6,w6(?![:digit:])
s_sp,Week6,WK6,w 6,w\s6(?![:digit:])
s_us,Week6,WK6,w_6,w\_6(?![:digit:])
f_nosp,Week6,WK6,week6,week6(?![:digit:])
f_sp,Week6,WK6,week 6,week\s6(?![:digit:])
f_us,Week6,WK6,week_6,week\_6(?![:digit:])
abb_nosp,Week6,WK6,wk6,wk6(?![:digit:])
abb_sp,Week6,WK6,wk 6,wk\s6(?![:digit:])
abb_us,Week6,WK6,wk_6,wk\_6(?![:digit:])
s_nosp,Week7,WK7,w7,w7(?![:digit:])
s_sp,Week7,WK7,w 7,w\s7(?![:digit:])
s_us,Week7,WK7,w_7,w\_7(?![:digit:])
f_nosp,Week7,WK7,week7,week7(?![:digit:])
f_sp,Week7,WK7,week 7,week\s7(?![:digit:])
f_us,Week7,WK7,week_7,week\_7(?![:digit:])
abb_nosp,Week7,WK7,wk7,wk7(?![:digit:])
abb_sp,Week7,WK7,wk 7,wk\s7(?![:digit:])
abb_us,Week7,WK7,wk_7,wk\_7(?![:digit:])
s_nosp,Week8,WK8,w8,w8(?![:digit:])
s_sp,Week8,WK8,w 8,w\s8(?![:digit:])
s_us,Week8,WK8,w_8,w\_8(?![:digit:])
f_nosp,Week8,WK8,week8,week8(?![:digit:])
f_sp,Week8,WK8,week 8,week\s8(?![:digit:])
f_us,Week8,WK8,week_8,week\_8(?![:digit:])
abb_nosp,Week8,WK8,wk8,wk8(?![:digit:])
abb_sp,Week8,WK8,wk 8,wk\s8(?![:digit:])
abb_us,Week8,WK8,wk_8,wk\_8(?![:digit:])
s_nosp,Week9,WK9,w9,w9(?![:digit:])
s_sp,Week9,WK9,w 9,w\s9(?![:digit:])
s_us,Week9,WK9,w_9,w\_9(?![:digit:])
f_nosp,Week9,WK9,week9,week9(?![:digit:])
f_sp,Week9,WK9,week 9,week\s9(?![:digit:])
f_us,Week9,WK9,week_9,week\_9(?![:digit:])
abb_nosp,Week9,WK9,wk9,wk9(?![:digit:])
abb_sp,Week9,WK9,wk 9,wk\s9(?![:digit:])
abb_us,Week9,WK9,wk_9,wk\_9(?![:digit:])
s_nosp,Week10,WK10,w10,w10(?![:digit:])
s_sp,Week10,WK10,w 10,w\s10(?![:digit:])
s_us,Week10,WK10,w_10,w\_10(?![:digit:])
f_nosp,Week10,WK10,week10,week10(?![:digit:])
f_sp,Week10,WK10,week 10,week\s10(?![:digit:])
f_us,Week10,WK10,week_10,week\_10(?![:digit:])
abb_nosp,Week10,WK10,wk10,wk10(?![:digit:])
abb_sp,Week10,WK10,wk 10,wk\s10(?![:digit:])
abb_us,Week10,WK10,wk_10,wk\_10(?![:digit:])
s_nosp,Week11,WK11,w11,w11(?![:digit:])
s_sp,Week11,WK11,w 11,w\s11(?![:digit:])
s_us,Week11,WK11,w_11,w\_11(?![:digit:])
f_nosp,Week11,WK11,week11,week11(?![:digit:])
f_sp,Week11,WK11,week 11,week\s11(?![:digit:])
f_us,Week11,WK11,week_11,week\_11(?![:digit:])
abb_nosp,Week11,WK11,wk11,wk11(?![:digit:])
abb_sp,Week11,WK11,wk 11,wk\s11(?![:digit:])
abb_us,Week11,WK11,wk_11,wk\_11(?![:digit:])
s_nosp,Week12,WK12,w12,w12(?![:digit:])
s_sp,Week12,WK12,w 12,w\s12(?![:digit:])
s_us,Week12,WK12,w_12,w\_12(?![:digit:])
f_nosp,Week12,WK12,week12,week12(?![:digit:])
f_sp,Week12,WK12,week 12,week\s12(?![:digit:])
f_us,Week12,WK12,week_12,week\_12(?![:digit:])
abb_nosp,Week12,WK12,wk12,wk12(?![:digit:])
abb_sp,Week12,WK12,wk 12,wk\s12(?![:digit:])
abb_us,Week12,WK12,wk_12,wk\_12(?![:digit:])
s_nosp,Week13,WK13,w13,w13(?![:digit:])
s_sp,Week13,WK13,w 13,w\s13(?![:digit:])
s_us,Week13,WK13,w_13,w\_13(?![:digit:])
f_nosp,Week13,WK13,week13,week13(?![:digit:])
f_sp,Week13,WK13,week 13,week\s13(?![:digit:])
f_us,Week13,WK13,week_13,week\_13(?![:digit:])
abb_nosp,Week13,WK13,wk13,wk13(?![:digit:])
abb_sp,Week13,WK13,wk 13,wk\s13(?![:digit:])
abb_us,Week13,WK13,wk_13,wk\_13(?![:digit:])
s_nosp,Week14,WK14,w14,w14(?![:digit:])
s_sp,Week14,WK14,w 14,w\s14(?![:digit:])
s_us,Week14,WK14,w_14,w\_14(?![:digit:])
f_nosp,Week14,WK14,week14,week14(?![:digit:])
f_sp,Week14,WK14,week 14,week\s14(?![:digit:])
f_us,Week14,WK14,week_14,week\_14(?![:digit:])
abb_nosp,Week14,WK14,wk14,wk14(?![:digit:])
abb_sp,Week14,WK14,wk 14,wk\s14(?![:digit:])
abb_us,Week14,WK14,wk_14,wk\_14(?![:digit:])
s_nosp,Week15,WK15,w15,w15(?![:digit:])
s_sp,Week15,WK15,w 15,w\s15(?![:digit:])
s_us,Week15,WK15,w_15,w\_15(?![:digit:])
f_nosp,Week15,WK15,week15,week15(?![:digit:])
f_sp,Week15,WK15,week 15,week\s15(?![:digit:])
f_us,Week15,WK15,week_15,week\_15(?![:digit:])
abb_nosp,Week15,WK15,wk15,wk15(?![:digit:])
abb_sp,Week15,WK15,wk 15,wk\s15(?![:digit:])
abb_us,Week15,WK15,wk_15,wk\_15(?![:digit:])
s_nosp,Week16,WK16,w16,w16(?![:digit:])
s_sp,Week16,WK16,w 16,w\s16(?![:digit:])
s_us,Week16,WK16,w_16,w\_16(?![:digit:])
f_nosp,Week16,WK16,week16,week16(?![:digit:])
f_sp,Week16,WK16,week 16,week\s16(?![:digit:])
f_us,Week16,WK16,week_16,week\_16(?![:digit:])
abb_nosp,Week16,WK16,wk16,wk16(?![:digit:])
abb_sp,Week16,WK16,wk 16,wk\s16(?![:digit:])
abb_us,Week16,WK16,wk_16,wk\_16(?![:digit:])
s_nosp,Week17,WK17,w17,w17(?![:digit:])
s_sp,Week17,WK17,w 17,w\s17(?![:digit:])
s_us,Week17,WK17,w_17,w\_17(?![:digit:])
f_nosp,Week17,WK17,week17,week17(?![:digit:])
f_sp,Week17,WK17,week 17,week\s17(?![:digit:])
f_us,Week17,WK17,week_17,week\_17(?![:digit:])
abb_nosp,Week17,WK17,wk17,wk17(?![:digit:])
abb_sp,Week17,WK17,wk 17,wk\s17(?![:digit:])
abb_us,Week17,WK17,wk_17,wk\_17(?![:digit:])
s_nosp,Week18,WK18,w18,w18(?![:digit:])
s_sp,Week18,WK18,w 18,w\s18(?![:digit:])
s_us,Week18,WK18,w_18,w\_18(?![:digit:])
f_nosp,Week18,WK18,week18,week18(?![:digit:])
f_sp,Week18,WK18,week 18,week\s18(?![:digit:])
f_us,Week18,WK18,week_18,week\_18(?![:digit:])
abb_nosp,Week18,WK18,wk18,wk18(?![:digit:])
abb_sp,Week18,WK18,wk 18,wk\s18(?![:digit:])
abb_us,Week18,WK18,wk_18,wk\_18(?![:digit:])
s_nosp,Week19,WK19,w19,w19(?![:digit:])
s_sp,Week19,WK19,w 19,w\s19(?![:digit:])
s_us,Week19,WK19,w_19,w\_19(?![:digit:])
f_nosp,Week19,WK19,week19,week19(?![:digit:])
f_sp,Week19,WK19,week 19,week\s19(?![:digit:])
f_us,Week19,WK19,week_19,week\_19(?![:digit:])
abb_nosp,Week19,WK19,wk19,wk19(?![:digit:])
abb_sp,Week19,WK19,wk 19,wk\s19(?![:digit:])
abb_us,Week19,WK19,wk_19,wk\_19(?![:digit:])
s_nosp,Week20,WK20,w20,w20(?![:digit:])
s_sp,Week20,WK20,w 20,w\s20(?![:digit:])
s_us,Week20,WK20,w_20,w\_20(?![:digit:])
f_nosp,Week20,WK20,week20,week20(?![:digit:])
f_sp,Week20,WK20,week 20,week\s20(?![:digit:])
f_us,Week20,WK20,week_20,week\_20(?![:digit:])
abb_nosp,Week20,WK20,wk20,wk20(?![:digit:])
abb_sp,Week20,WK20,wk 20,wk\s20(?![:digit:])
abb_us,Week20,WK20,wk_20,wk\_20(?![:digit:])
s_nosp,Week21,WK21,w21,w21(?![:digit:])
s_sp,Week21,WK21,w 21,w\s21(?![:digit:])
s_us,Week21,WK21,w_21,w\_21(?![:digit:])
f_nosp,Week21,WK21,week21,week21(?![:digit:])
f_sp,Week21,WK21,week 21,week\s21(?![:digit:])
f_us,Week21,WK21,week_21,week\_21(?![:digit:])
abb_nosp,Week21,WK21,wk21,wk21(?![:digit:])
abb_sp,Week21,WK21,wk 21,wk\s21(?![:digit:])
abb_us,Week21,WK21,wk_21,wk\_21(?![:digit:])
s_nosp,Week22,WK22,w22,w22(?![:digit:])
s_sp,Week22,WK22,w 22,w\s22(?![:digit:])
s_us,Week22,WK22,w_22,w\_22(?![:digit:])
f_nosp,Week22,WK22,week22,week22(?![:digit:])
f_sp,Week22,WK22,week 22,week\s22(?![:digit:])
f_us,Week22,WK22,week_22,week\_22(?![:digit:])
abb_nosp,Week22,WK22,wk22,wk22(?![:digit:])
abb_sp,Week22,WK22,wk 22,wk\s22(?![:digit:])
abb_us,Week22,WK22,wk_22,wk\_22(?![:digit:])
s_nosp,Week23,WK23,w23,w23(?![:digit:])
s_sp,Week23,WK23,w 23,w\s23(?![:digit:])
s_us,Week23,WK23,w_23,w\_23(?![:digit:])
f_nosp,Week23,WK23,week23,week23(?![:digit:])
f_sp,Week23,WK23,week 23,week\s23(?![:digit:])
f_us,Week23,WK23,week_23,week\_23(?![:digit:])
abb_nosp,Week23,WK23,wk23,wk23(?![:digit:])
abb_sp,Week23,WK23,wk 23,wk\s23(?![:digit:])
abb_us,Week23,WK23,wk_23,wk\_23(?![:digit:])
s_nosp,Week24,WK24,w24,w24(?![:digit:])
s_sp,Week24,WK24,w 24,w\s24(?![:digit:])
s_us,Week24,WK24,w_24,w\_24(?![:digit:])
f_nosp,Week24,WK24,week24,week24(?![:digit:])
f_sp,Week24,WK24,week 24,week\s24(?![:digit:])
f_us,Week24,WK24,week_24,week\_24(?![:digit:])
abb_nosp,Week24,WK24,wk24,wk24(?![:digit:])
abb_sp,Week24,WK24,wk 24,wk\s24(?![:digit:])
abb_us,Week24,WK24,wk_24,wk\_24(?![:digit:])
s_nosp,Week25,WK25,w25,w25(?![:digit:])
s_sp,Week25,WK25,w 25,w\s25(?![:digit:])
s_us,Week25,WK25,w_25,w\_25(?![:digit:])
f_nosp,Week25,WK25,week25,week25(?![:digit:])
f_sp,Week25,WK25,week 25,week\s25(?![:digit:])
f_us,Week25,WK25,week_25,week\_25(?![:digit:])
abb_nosp,Week25,WK25,wk25,wk25(?![:digit:])
abb_sp,Week25,WK25,wk 25,wk\s25(?![:digit:])
abb_us,Week25,WK25,wk_25,wk\_25(?![:digit:])
s_nosp,Week26,WK26,w26,w26(?![:digit:])
s_sp,Week26,WK26,w 26,w\s26(?![:digit:])
s_us,Week26,WK26,w_26,w\_26(?![:digit:])
f_nosp,Week26,WK26,week26,week26(?![:digit:])
f_sp,Week26,WK26,week 26,week\s26(?![:digit:])
f_us,Week26,WK26,week_26,week\_26(?![:digit:])
abb_nosp,Week26,WK26,wk26,wk26(?![:digit:])
abb_sp,Week26,WK26,wk 26,wk\s26(?![:digit:])
abb_us,Week26,WK26,wk_26,wk\_26(?![:digit:])
s_nosp,Week27,WK27,w27,w27(?![:digit:])
s_sp,Week27,WK27,w 27,w\s27(?![:digit:])
s_us,Week27,WK27,w_27,w\_27(?![:digit:])
f_nosp,Week27,WK27,week27,week27(?![:digit:])
f_sp,Week27,WK27,week 27,week\s27(?![:digit:])
f_us,Week27,WK27,week_27,week\_27(?![:digit:])
abb_nosp,Week27,WK27,wk27,wk27(?![:digit:])
abb_sp,Week27,WK27,wk 27,wk\s27(?![:digit:])
abb_us,Week27,WK27,wk_27,wk\_27(?![:digit:])
s_nosp,Week28,WK28,w28,w28(?![:digit:])
s_sp,Week28,WK28,w 28,w\s28(?![:digit:])
s_us,Week28,WK28,w_28,w\_28(?![:digit:])
f_nosp,Week28,WK28,week28,week28(?![:digit:])
f_sp,Week28,WK28,week 28,week\s28(?![:digit:])
f_us,Week28,WK28,week_28,week\_28(?![:digit:])
abb_nosp,Week28,WK28,wk28,wk28(?![:digit:])
abb_sp,Week28,WK28,wk 28,wk\s28(?![:digit:])
abb_us,Week28,WK28,wk_28,wk\_28(?![:digit:])
s_nosp,Week29,WK29,w29,w29(?![:digit:])
s_sp,Week29,WK29,w 29,w\s29(?![:digit:])
s_us,Week29,WK29,w_29,w\_29(?![:digit:])
f_nosp,Week29,WK29,week29,week29(?![:digit:])
f_sp,Week29,WK29,week 29,week\s29(?![:digit:])
f_us,Week29,WK29,week_29,week\_29(?![:digit:])
abb_nosp,Week29,WK29,wk29,wk29(?![:digit:])
abb_sp,Week29,WK29,wk 29,wk\s29(?![:digit:])
abb_us,Week29,WK29,wk_29,wk\_29(?![:digit:])
s_nosp,Week30,WK30,w30,w30(?![:digit:])
s_sp,Week30,WK30,w 30,w\s30(?![:digit:])
s_us,Week30,WK30,w_30,w\_30(?![:digit:])
f_nosp,Week30,WK30,week30,week30(?![:digit:])
f_sp,Week30,WK30,week 30,week\s30(?![:digit:])
f_us,Week30,WK30,week_30,week\_30(?![:digit:])
abb_nosp,Week30,WK30,wk30,wk30(?![:digit:])
abb_sp,Week30,WK30,wk 30,wk\s30(?![:digit:])
abb_us,Week30,WK30,wk_30,wk\_30(?![:digit:])
s_nosp,Week31,WK31,w31,w31(?![:digit:])
s_sp,Week31,WK31,w 31,w\s31(?![:digit:])
s_us,Week31,WK31,w_31,w\_31(?![:digit:])
f_nosp,Week31,WK31,week31,week31(?![:digit:])
f_sp,Week31,WK31,week 31,week\s31(?![:digit:])
f_us,Week31,WK31,week_31,week\_31(?![:digit:])
abb_nosp,Week31,WK31,wk31,wk31(?![:digit:])
abb_sp,Week31,WK31,wk 31,wk\s31(?![:digit:])
abb_us,Week31,WK31,wk_31,wk\_31(?![:digit:])
s_nosp,Week32,WK32,w32,w32(?![:digit:])
s_sp,Week32,WK32,w 32,w\s32(?![:digit:])
s_us,Week32,WK32,w_32,w\_32(?![:digit:])
f_nosp,Week32,WK32,week32,week32(?![:digit:])
f_sp,Week32,WK32,week 32,week\s32(?![:digit:])
f_us,Week32,WK32,week_32,week\_32(?![:digit:])
abb_nosp,Week32,WK32,wk32,wk32(?![:digit:])
abb_sp,Week32,WK32,wk 32,wk\s32(?![:digit:])
abb_us,Week32,WK32,wk_32,wk\_32(?![:digit:])
s_nosp,Week33,WK33,w33,w33(?![:digit:])
s_sp,Week33,WK33,w 33,w\s33(?![:digit:])
s_us,Week33,WK33,w_33,w\_33(?![:digit:])
f_nosp,Week33,WK33,week33,week33(?![:digit:])
f_sp,Week33,WK33,week 33,week\s33(?![:digit:])
f_us,Week33,WK33,week_33,week\_33(?![:digit:])
abb_nosp,Week33,WK33,wk33,wk33(?![:digit:])
abb_sp,Week33,WK33,wk 33,wk\s33(?![:digit:])
abb_us,Week33,WK33,wk_33,wk\_33(?![:digit:])
s_nosp,Week34,WK34,w34,w34(?![:digit:])
s_sp,Week34,WK34,w 34,w\s34(?![:digit:])
s_us,Week34,WK34,w_34,w\_34(?![:digit:])
f_nosp,Week34,WK34,week34,week34(?![:digit:])
f_sp,Week34,WK34,week 34,week\s34(?![:digit:])
f_us,Week34,WK34,week_34,week\_34(?![:digit:])
abb_nosp,Week34,WK34,wk34,wk34(?![:digit:])
abb_sp,Week34,WK34,wk 34,wk\s34(?![:digit:])
abb_us,Week34,WK34,wk_34,wk\_34(?![:digit:])
s_nosp,Week35,WK35,w35,w35(?![:digit:])
s_sp,Week35,WK35,w 35,w\s35(?![:digit:])
s_us,Week35,WK35,w_35,w\_35(?![:digit:])
f_nosp,Week35,WK35,week35,week35(?![:digit:])
f_sp,Week35,WK35,week 35,week\s35(?![:digit:])
f_us,Week35,WK35,week_35,week\_35(?![:digit:])
abb_nosp,Week35,WK35,wk35,wk35(?![:digit:])
abb_sp,Week35,WK35,wk 35,wk\s35(?![:digit:])
abb_us,Week35,WK35,wk_35,wk\_35(?![:digit:])
s_nosp,Week36,WK36,w36,w36(?![:digit:])
s_sp,Week36,WK36,w 36,w\s36(?![:digit:])
s_us,Week36,WK36,w_36,w\_36(?![:digit:])
f_nosp,Week36,WK36,week36,week36(?![:digit:])
f_sp,Week36,WK36,week 36,week\s36(?![:digit:])
f_us,Week36,WK36,week_36,week\_36(?![:digit:])
abb_nosp,Week36,WK36,wk36,wk36(?![:digit:])
abb_sp,Week36,WK36,wk 36,wk\s36(?![:digit:])
abb_us,Week36,WK36,wk_36,wk\_36(?![:digit:])
s_nosp,Week37,WK37,w37,w37(?![:digit:])
s_sp,Week37,WK37,w 37,w\s37(?![:digit:])
s_us,Week37,WK37,w_37,w\_37(?![:digit:])
f_nosp,Week37,WK37,week37,week37(?![:digit:])
f_sp,Week37,WK37,week 37,week\s37(?![:digit:])
f_us,Week37,WK37,week_37,week\_37(?![:digit:])
abb_nosp,Week37,WK37,wk37,wk37(?![:digit:])
abb_sp,Week37,WK37,wk 37,wk\s37(?![:digit:])
abb_us,Week37,WK37,wk_37,wk\_37(?![:digit:])
s_nosp,Week38,WK38,w38,w38(?![:digit:])
s_sp,Week38,WK38,w 38,w\s38(?![:digit:])
s_us,Week38,WK38,w_38,w\_38(?![:digit:])
f_nosp,Week38,WK38,week38,week38(?![:digit:])
f_sp,Week38,WK38,week 38,week\s38(?![:digit:])
f_us,Week38,WK38,week_38,week\_38(?![:digit:])
abb_nosp,Week38,WK38,wk38,wk38(?![:digit:])
abb_sp,Week38,WK38,wk 38,wk\s38(?![:digit:])
abb_us,Week38,WK38,wk_38,wk\_38(?![:digit:])
s_nosp,Week39,WK39,w39,w39(?![:digit:])
s_sp,Week39,WK39,w 39,w\s39(?![:digit:])
s_us,Week39,WK39,w_39,w\_39(?![:digit:])
f_nosp,Week39,WK39,week39,week39(?![:digit:])
f_sp,Week39,WK39,week 39,week\s39(?![:digit:])
f_us,Week39,WK39,week_39,week\_39(?![:digit:])
abb_nosp,Week39,WK39,wk39,wk39(?![:digit:])
abb_sp,Week39,WK39,wk 39,wk\s39(?![:digit:])
abb_us,Week39,WK39,wk_39,wk\_39(?![:digit:])
s_nosp,Week40,WK40,w40,w40(?![:digit:])
s_sp,Week40,WK40,w 40,w\s40(?![:digit:])
s_us,Week40,WK40,w_40,w\_40(?![:digit:])
f_nosp,Week40,WK40,week40,week40(?![:digit:])
f_sp,Week40,WK40,week 40,week\s40(?![:digit:])
f_us,Week40,WK40,week_40,week\_40(?![:digit:])
abb_nosp,Week40,WK40,wk40,wk40(?![:digit:])
abb_sp,Week40,WK40,wk 40,wk\s40(?![:digit:])
abb_us,Week40,WK40,wk_40,wk\_40(?![:digit:])
s_nosp,Week41,WK41,w41,w41(?![:digit:])
s_sp,Week41,WK41,w 41,w\s41(?![:digit:])
s_us,Week41,WK41,w_41,w\_41(?![:digit:])
f_nosp,Week41,WK41,week41,week41(?![:digit:])
f_sp,Week41,WK41,week 41,week\s41(?![:digit:])
f_us,Week41,WK41,week_41,week\_41(?![:digit:])
abb_nosp,Week41,WK41,wk41,wk41(?![:digit:])
abb_sp,Week41,WK41,wk 41,wk\s41(?![:digit:])
abb_us,Week41,WK41,wk_41,wk\_41(?![:digit:])
s_nosp,Week42,WK42,w42,w42(?![:digit:])
s_sp,Week42,WK42,w 42,w\s42(?![:digit:])
s_us,Week42,WK42,w_42,w\_42(?![:digit:])
f_nosp,Week42,WK42,week42,week42(?![:digit:])
f_sp,Week42,WK42,week 42,week\s42(?![:digit:])
f_us,Week42,WK42,week_42,week\_42(?![:digit:])
abb_nosp,Week42,WK42,wk42,wk42(?![:digit:])
abb_sp,Week42,WK42,wk 42,wk\s42(?![:digit:])
abb_us,Week42,WK42,wk_42,wk\_42(?![:digit:])
s_nosp,Week43,WK43,w43,w43(?![:digit:])
s_sp,Week43,WK43,w 43,w\s43(?![:digit:])
s_us,Week43,WK43,w_43,w\_43(?![:digit:])
f_nosp,Week43,WK43,week43,week43(?![:digit:])
f_sp,Week43,WK43,week 43,week\s43(?![:digit:])
f_us,Week43,WK43,week_43,week\_43(?![:digit:])
abb_nosp,Week43,WK43,wk43,wk43(?![:digit:])
abb_sp,Week43,WK43,wk 43,wk\s43(?![:digit:])
abb_us,Week43,WK43,wk_43,wk\_43(?![:digit:])
s_nosp,Week44,WK44,w44,w44(?![:digit:])
s_sp,Week44,WK44,w 44,w\s44(?![:digit:])
s_us,Week44,WK44,w_44,w\_44(?![:digit:])
f_nosp,Week44,WK44,week44,week44(?![:digit:])
f_sp,Week44,WK44,week 44,week\s44(?![:digit:])
f_us,Week44,WK44,week_44,week\_44(?![:digit:])
abb_nosp,Week44,WK44,wk44,wk44(?![:digit:])
abb_sp,Week44,WK44,wk 44,wk\s44(?![:digit:])
abb_us,Week44,WK44,wk_44,wk\_44(?![:digit:])
s_nosp,Week45,WK45,w45,w45(?![:digit:])
s_sp,Week45,WK45,w 45,w\s45(?![:digit:])
s_us,Week45,WK45,w_45,w\_45(?![:digit:])
f_nosp,Week45,WK45,week45,week45(?![:digit:])
f_sp,Week45,WK45,week 45,week\s45(?![:digit:])
f_us,Week45,WK45,week_45,week\_45(?![:digit:])
abb_nosp,Week45,WK45,wk45,wk45(?![:digit:])
abb_sp,Week45,WK45,wk 45,wk\s45(?![:digit:])
abb_us,Week45,WK45,wk_45,wk\_45(?![:digit:])
s_nosp,Week46,WK46,w46,w46(?![:digit:])
s_sp,Week46,WK46,w 46,w\s46(?![:digit:])
s_us,Week46,WK46,w_46,w\_46(?![:digit:])
f_nosp,Week46,WK46,week46,week46(?![:digit:])
f_sp,Week46,WK46,week 46,week\s46(?![:digit:])
f_us,Week46,WK46,week_46,week\_46(?![:digit:])
abb_nosp,Week46,WK46,wk46,wk46(?![:digit:])
abb_sp,Week46,WK46,wk 46,wk\s46(?![:digit:])
abb_us,Week46,WK46,wk_46,wk\_46(?![:digit:])
s_nosp,Week47,WK47,w47,w47(?![:digit:])
s_sp,Week47,WK47,w 47,w\s47(?![:digit:])
s_us,Week47,WK47,w_47,w\_47(?![:digit:])
f_nosp,Week47,WK47,week47,week47(?![:digit:])
f_sp,Week47,WK47,week 47,week\s47(?![:digit:])
f_us,Week47,WK47,week_47,week\_47(?![:digit:])
abb_nosp,Week47,WK47,wk47,wk47(?![:digit:])
abb_sp,Week47,WK47,wk 47,wk\s47(?![:digit:])
abb_us,Week47,WK47,wk_47,wk\_47(?![:digit:])
s_nosp,Week48,WK48,w48,w48(?![:digit:])
s_sp,Week48,WK48,w 48,w\s48(?![:digit:])
s_us,Week48,WK48,w_48,w\_48(?![:digit:])
f_nosp,Week48,WK48,week48,week48(?![:digit:])
f_sp,Week48,WK48,week 48,week\s48(?![:digit:])
f_us,Week48,WK48,week_48,week\_48(?![:digit:])
abb_nosp,Week48,WK48,wk48,wk48(?![:digit:])
abb_sp,Week48,WK48,wk 48,wk\s48(?![:digit:])
abb_us,Week48,WK48,wk_48,wk\_48(?![:digit:])
s_nosp,Week49,WK49,w49,w49(?![:digit:])
s_sp,Week49,WK49,w 49,w\s49(?![:digit:])
s_us,Week49,WK49,w_49,w\_49(?![:digit:])
f_nosp,Week49,WK49,week49,week49(?![:digit:])
f_sp,Week49,WK49,week 49,week\s49(?![:digit:])
f_us,Week49,WK49,week_49,week\_49(?![:digit:])
abb_nosp,Week49,WK49,wk49,wk49(?![:digit:])
abb_sp,Week49,WK49,wk 49,wk\s49(?![:digit:])
abb_us,Week49,WK49,wk_49,wk\_49(?![:digit:])
s_nosp,Week50,WK50,w50,w50(?![:digit:])
s_sp,Week50,WK50,w 50,w\s50(?![:digit:])
s_us,Week50,WK50,w_50,w\_50(?![:digit:])
f_nosp,Week50,WK50,week50,week50(?![:digit:])
f_sp,Week50,WK50,week 50,week\s50(?![:digit:])
f_us,Week50,WK50,week_50,week\_50(?![:digit:])
abb_nosp,Week50,WK50,wk50,wk50(?![:digit:])
abb_sp,Week50,WK50,wk 50,wk\s50(?![:digit:])
abb_us,Week50,WK50,wk_50,wk\_50(?![:digit:])
s_nosp,Week51,WK51,w51,w51(?![:digit:])
s_sp,Week51,WK51,w 51,w\s51(?![:digit:])
s_us,Week51,WK51,w_51,w\_51(?![:digit:])
f_nosp,Week51,WK51,week51,week51(?![:digit:])
f_sp,Week51,WK51,week 51,week\s51(?![:digit:])
f_us,Week51,WK51,week_51,week\_51(?![:digit:])
abb_nosp,Week51,WK51,wk51,wk51(?![:digit:])
abb_sp,Week51,WK51,wk 51,wk\s51(?![:digit:])
abb_us,Week51,WK51,wk_51,wk\_51(?![:digit:])
s_nosp,Week52,WK52,w52,w52(?![:digit:])
s_sp,Week52,WK52,w 52,w\s52(?![:digit:])
s_us,Week52,WK52,w_52,w\_52(?![:digit:])
f_nosp,Week52,WK52,week52,week52(?![:digit:])
f_sp,Week52,WK52,week 52,week\s52(?![:digit:])
f_us,Week52,WK52,week_52,week\_52(?![:digit:])
abb_nosp,Week52,WK52,wk52,wk52(?![:digit:])
abb_sp,Week52,WK52,wk 52,wk\s52(?![:digit:])
abb_us,Week52,WK52,wk_52,wk\_52(?![:digit:])
s_nosp,Week53,WK53,w53,w53(?![:digit:])
s_sp,Week53,WK53,w 53,w\s53(?![:digit:])
s_us,Week53,WK53,w_53,w\_53(?![:digit:])
f_nosp,Week53,WK53,week53,week53(?![:digit:])
f_sp,Week53,WK53,week 53,week\s53(?![:digit:])
f_us,Week53,WK53,week_53,week\_53(?![:digit:])
abb_nosp,Week53,WK53,wk53,wk53(?![:digit:])
abb_sp,Week53,WK53,wk 53,wk\s53(?![:digit:])
abb_us,Week53,WK53,wk_53,wk\_53(?![:digit:])
s_nosp,Week54,WK54,w54,w54(?![:digit:])
s_sp,Week54,WK54,w 54,w\s54(?![:digit:])
s_us,Week54,WK54,w_54,w\_54(?![:digit:])
f_nosp,Week54,WK54,week54,week54(?![:digit:])
f_sp,Week54,WK54,week 54,week\s54(?![:digit:])
f_us,Week54,WK54,week_54,week\_54(?![:digit:])
abb_nosp,Week54,WK54,wk54,wk54(?![:digit:])
abb_sp,Week54,WK54,wk 54,wk\s54(?![:digit:])
abb_us,Week54,WK54,wk_54,wk\_54(?![:digit:])
s_nosp,Week55,WK55,w55,w55(?![:digit:])
s_sp,Week55,WK55,w 55,w\s55(?![:digit:])
s_us,Week55,WK55,w_55,w\_55(?![:digit:])
f_nosp,Week55,WK55,week55,week55(?![:digit:])
f_sp,Week55,WK55,week 55,week\s55(?![:digit:])
f_us,Week55,WK55,week_55,week\_55(?![:digit:])
abb_nosp,Week55,WK55,wk55,wk55(?![:digit:])
abb_sp,Week55,WK55,wk 55,wk\s55(?![:digit:])
abb_us,Week55,WK55,wk_55,wk\_55(?![:digit:])
s_nosp,Week56,WK56,w56,w56(?![:digit:])
s_sp,Week56,WK56,w 56,w\s56(?![:digit:])
s_us,Week56,WK56,w_56,w\_56(?![:digit:])
f_nosp,Week56,WK56,week56,week56(?![:digit:])
f_sp,Week56,WK56,week 56,week\s56(?![:digit:])
f_us,Week56,WK56,week_56,week\_56(?![:digit:])
abb_nosp,Week56,WK56,wk56,wk56(?![:digit:])
abb_sp,Week56,WK56,wk 56,wk\s56(?![:digit:])
abb_us,Week56,WK56,wk_56,wk\_56(?![:digit:])
s_nosp,Week57,WK57,w57,w57(?![:digit:])
s_sp,Week57,WK57,w 57,w\s57(?![:digit:])
s_us,Week57,WK57,w_57,w\_57(?![:digit:])
f_nosp,Week57,WK57,week57,week57(?![:digit:])
f_sp,Week57,WK57,week 57,week\s57(?![:digit:])
f_us,Week57,WK57,week_57,week\_57(?![:digit:])
abb_nosp,Week57,WK57,wk57,wk57(?![:digit:])
abb_sp,Week57,WK57,wk 57,wk\s57(?![:digit:])
abb_us,Week57,WK57,wk_57,wk\_57(?![:digit:])
s_nosp,Week58,WK58,w58,w58(?![:digit:])
s_sp,Week58,WK58,w 58,w\s58(?![:digit:])
s_us,Week58,WK58,w_58,w\_58(?![:digit:])
f_nosp,Week58,WK58,week58,week58(?![:digit:])
f_sp,Week58,WK58,week 58,week\s58(?![:digit:])
f_us,Week58,WK58,week_58,week\_58(?![:digit:])
abb_nosp,Week58,WK58,wk58,wk58(?![:digit:])
abb_sp,Week58,WK58,wk 58,wk\s58(?![:digit:])
abb_us,Week58,WK58,wk_58,wk\_58(?![:digit:])
s_nosp,Week59,WK59,w59,w59(?![:digit:])
s_sp,Week59,WK59,w 59,w\s59(?![:digit:])
s_us,Week59,WK59,w_59,w\_59(?![:digit:])
f_nosp,Week59,WK59,week59,week59(?![:digit:])
f_sp,Week59,WK59,week 59,week\s59(?![:digit:])
f_us,Week59,WK59,week_59,week\_59(?![:digit:])
abb_nosp,Week59,WK59,wk59,wk59(?![:digit:])
abb_sp,Week59,WK59,wk 59,wk\s59(?![:digit:])
abb_us,Week59,WK59,wk_59,wk\_59(?![:digit:])
s_nosp,Week60,WK60,w60,w60(?![:digit:])
s_sp,Week60,WK60,w 60,w\s60(?![:digit:])
s_us,Week60,WK60,w_60,w\_60(?![:digit:])
f_nosp,Week60,WK60,week60,week60(?![:digit:])
f_sp,Week60,WK60,week 60,week\s60(?![:digit:])
f_us,Week60,WK60,week_60,week\_60(?![:digit:])
abb_nosp,Week60,WK60,wk60,wk60(?![:digit:])
abb_sp,Week60,WK60,wk 60,wk\s60(?![:digit:])
abb_us,Week60,WK60,wk_60,wk\_60(?![:digit:])
s_nosp,Week61,WK61,w61,w61(?![:digit:])
s_sp,Week61,WK61,w 61,w\s61(?![:digit:])
s_us,Week61,WK61,w_61,w\_61(?![:digit:])
f_nosp,Week61,WK61,week61,week61(?![:digit:])
f_sp,Week61,WK61,week 61,week\s61(?![:digit:])
f_us,Week61,WK61,week_61,week\_61(?![:digit:])
abb_nosp,Week61,WK61,wk61,wk61(?![:digit:])
abb_sp,Week61,WK61,wk 61,wk\s61(?![:digit:])
abb_us,Week61,WK61,wk_61,wk\_61(?![:digit:])
s_nosp,Week62,WK62,w62,w62(?![:digit:])
s_sp,Week62,WK62,w 62,w\s62(?![:digit:])
s_us,Week62,WK62,w_62,w\_62(?![:digit:])
f_nosp,Week62,WK62,week62,week62(?![:digit:])
f_sp,Week62,WK62,week 62,week\s62(?![:digit:])
f_us,Week62,WK62,week_62,week\_62(?![:digit:])
abb_nosp,Week62,WK62,wk62,wk62(?![:digit:])
abb_sp,Week62,WK62,wk 62,wk\s62(?![:digit:])
abb_us,Week62,WK62,wk_62,wk\_62(?![:digit:])
s_nosp,Week63,WK63,w63,w63(?![:digit:])
s_sp,Week63,WK63,w 63,w\s63(?![:digit:])
s_us,Week63,WK63,w_63,w\_63(?![:digit:])
f_nosp,Week63,WK63,week63,week63(?![:digit:])
f_sp,Week63,WK63,week 63,week\s63(?![:digit:])
f_us,Week63,WK63,week_63,week\_63(?![:digit:])
abb_nosp,Week63,WK63,wk63,wk63(?![:digit:])
abb_sp,Week63,WK63,wk 63,wk\s63(?![:digit:])
abb_us,Week63,WK63,wk_63,wk\_63(?![:digit:])
s_nosp,Week64,WK64,w64,w64(?![:digit:])
s_sp,Week64,WK64,w 64,w\s64(?![:digit:])
s_us,Week64,WK64,w_64,w\_64(?![:digit:])
f_nosp,Week64,WK64,week64,week64(?![:digit:])
f_sp,Week64,WK64,week 64,week\s64(?![:digit:])
f_us,Week64,WK64,week_64,week\_64(?![:digit:])
abb_nosp,Week64,WK64,wk64,wk64(?![:digit:])
abb_sp,Week64,WK64,wk 64,wk\s64(?![:digit:])
abb_us,Week64,WK64,wk_64,wk\_64(?![:digit:])
s_nosp,Week65,WK65,w65,w65(?![:digit:])
s_sp,Week65,WK65,w 65,w\s65(?![:digit:])
s_us,Week65,WK65,w_65,w\_65(?![:digit:])
f_nosp,Week65,WK65,week65,week65(?![:digit:])
f_sp,Week65,WK65,week 65,week\s65(?![:digit:])
f_us,Week65,WK65,week_65,week\_65(?![:digit:])
abb_nosp,Week65,WK65,wk65,wk65(?![:digit:])
abb_sp,Week65,WK65,wk 65,wk\s65(?![:digit:])
abb_us,Week65,WK65,wk_65,wk\_65(?![:digit:])
s_nosp,Week66,WK66,w66,w66(?![:digit:])
s_sp,Week66,WK66,w 66,w\s66(?![:digit:])
s_us,Week66,WK66,w_66,w\_66(?![:digit:])
f_nosp,Week66,WK66,week66,week66(?![:digit:])
f_sp,Week66,WK66,week 66,week\s66(?![:digit:])
f_us,Week66,WK66,week_66,week\_66(?![:digit:])
abb_nosp,Week66,WK66,wk66,wk66(?![:digit:])
abb_sp,Week66,WK66,wk 66,wk\s66(?![:digit:])
abb_us,Week66,WK66,wk_66,wk\_66(?![:digit:])
s_nosp,Week67,WK67,w67,w67(?![:digit:])
s_sp,Week67,WK67,w 67,w\s67(?![:digit:])
s_us,Week67,WK67,w_67,w\_67(?![:digit:])
f_nosp,Week67,WK67,week67,week67(?![:digit:])
f_sp,Week67,WK67,week 67,week\s67(?![:digit:])
f_us,Week67,WK67,week_67,week\_67(?![:digit:])
abb_nosp,Week67,WK67,wk67,wk67(?![:digit:])
abb_sp,Week67,WK67,wk 67,wk\s67(?![:digit:])
abb_us,Week67,WK67,wk_67,wk\_67(?![:digit:])
s_nosp,Week68,WK68,w68,w68(?![:digit:])
s_sp,Week68,WK68,w 68,w\s68(?![:digit:])
s_us,Week68,WK68,w_68,w\_68(?![:digit:])
f_nosp,Week68,WK68,week68,week68(?![:digit:])
f_sp,Week68,WK68,week 68,week\s68(?![:digit:])
f_us,Week68,WK68,week_68,week\_68(?![:digit:])
abb_nosp,Week68,WK68,wk68,wk68(?![:digit:])
abb_sp,Week68,WK68,wk 68,wk\s68(?![:digit:])
abb_us,Week68,WK68,wk_68,wk\_68(?![:digit:])
s_nosp,Week69,WK69,w69,w69(?![:digit:])
s_sp,Week69,WK69,w 69,w\s69(?![:digit:])
s_us,Week69,WK69,w_69,w\_69(?![:digit:])
f_nosp,Week69,WK69,week69,week69(?![:digit:])
f_sp,Week69,WK69,week 69,week\s69(?![:digit:])
f_us,Week69,WK69,week_69,week\_69(?![:digit:])
abb_nosp,Week69,WK69,wk69,wk69(?![:digit:])
abb_sp,Week69,WK69,wk 69,wk\s69(?![:digit:])
abb_us,Week69,WK69,wk_69,wk\_69(?![:digit:])
s_nosp,Week70,WK70,w70,w70(?![:digit:])
s_sp,Week70,WK70,w 70,w\s70(?![:digit:])
s_us,Week70,WK70,w_70,w\_70(?![:digit:])
f_nosp,Week70,WK70,week70,week70(?![:digit:])
f_sp,Week70,WK70,week 70,week\s70(?![:digit:])
f_us,Week70,WK70,week_70,week\_70(?![:digit:])
abb_nosp,Week70,WK70,wk70,wk70(?![:digit:])
abb_sp,Week70,WK70,wk 70,wk\s70(?![:digit:])
abb_us,Week70,WK70,wk_70,wk\_70(?![:digit:])
s_nosp,Week71,WK71,w71,w71(?![:digit:])
s_sp,Week71,WK71,w 71,w\s71(?![:digit:])
s_us,Week71,WK71,w_71,w\_71(?![:digit:])
f_nosp,Week71,WK71,week71,week71(?![:digit:])
f_sp,Week71,WK71,week 71,week\s71(?![:digit:])
f_us,Week71,WK71,week_71,week\_71(?![:digit:])
abb_nosp,Week71,WK71,wk71,wk71(?![:digit:])
abb_sp,Week71,WK71,wk 71,wk\s71(?![:digit:])
abb_us,Week71,WK71,wk_71,wk\_71(?![:digit:])
s_nosp,Week72,WK72,w72,w72(?![:digit:])
s_sp,Week72,WK72,w 72,w\s72(?![:digit:])
s_us,Week72,WK72,w_72,w\_72(?![:digit:])
f_nosp,Week72,WK72,week72,week72(?![:digit:])
f_sp,Week72,WK72,week 72,week\s72(?![:digit:])
f_us,Week72,WK72,week_72,week\_72(?![:digit:])
abb_nosp,Week72,WK72,wk72,wk72(?![:digit:])
abb_sp,Week72,WK72,wk 72,wk\s72(?![:digit:])
abb_us,Week72,WK72,wk_72,wk\_72(?![:digit:])
s_nosp,Week73,WK73,w73,w73(?![:digit:])
s_sp,Week73,WK73,w 73,w\s73(?![:digit:])
s_us,Week73,WK73,w_73,w\_73(?![:digit:])
f_nosp,Week73,WK73,week73,week73(?![:digit:])
f_sp,Week73,WK73,week 73,week\s73(?![:digit:])
f_us,Week73,WK73,week_73,week\_73(?![:digit:])
abb_nosp,Week73,WK73,wk73,wk73(?![:digit:])
abb_sp,Week73,WK73,wk 73,wk\s73(?![:digit:])
abb_us,Week73,WK73,wk_73,wk\_73(?![:digit:])
s_nosp,Week74,WK74,w74,w74(?![:digit:])
s_sp,Week74,WK74,w 74,w\s74(?![:digit:])
s_us,Week74,WK74,w_74,w\_74(?![:digit:])
f_nosp,Week74,WK74,week74,week74(?![:digit:])
f_sp,Week74,WK74,week 74,week\s74(?![:digit:])
f_us,Week74,WK74,week_74,week\_74(?![:digit:])
abb_nosp,Week74,WK74,wk74,wk74(?![:digit:])
abb_sp,Week74,WK74,wk 74,wk\s74(?![:digit:])
abb_us,Week74,WK74,wk_74,wk\_74(?![:digit:])
s_nosp,Week75,WK75,w75,w75(?![:digit:])
s_sp,Week75,WK75,w 75,w\s75(?![:digit:])
s_us,Week75,WK75,w_75,w\_75(?![:digit:])
f_nosp,Week75,WK75,week75,week75(?![:digit:])
f_sp,Week75,WK75,week 75,week\s75(?![:digit:])
f_us,Week75,WK75,week_75,week\_75(?![:digit:])
abb_nosp,Week75,WK75,wk75,wk75(?![:digit:])
abb_sp,Week75,WK75,wk 75,wk\s75(?![:digit:])
abb_us,Week75,WK75,wk_75,wk\_75(?![:digit:])
s_nosp,Week76,WK76,w76,w76(?![:digit:])
s_sp,Week76,WK76,w 76,w\s76(?![:digit:])
s_us,Week76,WK76,w_76,w\_76(?![:digit:])
f_nosp,Week76,WK76,week76,week76(?![:digit:])
f_sp,Week76,WK76,week 76,week\s76(?![:digit:])
f_us,Week76,WK76,week_76,week\_76(?![:digit:])
abb_nosp,Week76,WK76,wk76,wk76(?![:digit:])
abb_sp,Week76,WK76,wk 76,wk\s76(?![:digit:])
abb_us,Week76,WK76,wk_76,wk\_76(?![:digit:])
s_nosp,Week77,WK77,w77,w77(?![:digit:])
s_sp,Week77,WK77,w 77,w\s77(?![:digit:])
s_us,Week77,WK77,w_77,w\_77(?![:digit:])
f_nosp,Week77,WK77,week77,week77(?![:digit:])
f_sp,Week77,WK77,week 77,week\s77(?![:digit:])
f_us,Week77,WK77,week_77,week\_77(?![:digit:])
abb_nosp,Week77,WK77,wk77,wk77(?![:digit:])
abb_sp,Week77,WK77,wk 77,wk\s77(?![:digit:])
abb_us,Week77,WK77,wk_77,wk\_77(?![:digit:])
s_nosp,Week78,WK78,w78,w78(?![:digit:])
s_sp,Week78,WK78,w 78,w\s78(?![:digit:])
s_us,Week78,WK78,w_78,w\_78(?![:digit:])
f_nosp,Week78,WK78,week78,week78(?![:digit:])
f_sp,Week78,WK78,week 78,week\s78(?![:digit:])
f_us,Week78,WK78,week_78,week\_78(?![:digit:])
abb_nosp,Week78,WK78,wk78,wk78(?![:digit:])
abb_sp,Week78,WK78,wk 78,wk\s78(?![:digit:])
abb_us,Week78,WK78,wk_78,wk\_78(?![:digit:])
s_nosp,Week79,WK79,w79,w79(?![:digit:])
s_sp,Week79,WK79,w 79,w\s79(?![:digit:])
s_us,Week79,WK79,w_79,w\_79(?![:digit:])
f_nosp,Week79,WK79,week79,week79(?![:digit:])
f_sp,Week79,WK79,week 79,week\s79(?![:digit:])
f_us,Week79,WK79,week_79,week\_79(?![:digit:])
abb_nosp,Week79,WK79,wk79,wk79(?![:digit:])
abb_sp,Week79,WK79,wk 79,wk\s79(?![:digit:])
abb_us,Week79,WK79,wk_79,wk\_79(?![:digit:])
s_nosp,Week80,WK80,w80,w80(?![:digit:])
s_sp,Week80,WK80,w 80,w\s80(?![:digit:])
s_us,Week80,WK80,w_80,w\_80(?![:digit:])
f_nosp,Week80,WK80,week80,week80(?![:digit:])
f_sp,Week80,WK80,week 80,week\s80(?![:digit:])
f_us,Week80,WK80,week_80,week\_80(?![:digit:])
abb_nosp,Week80,WK80,wk80,wk80(?![:digit:])
abb_sp,Week80,WK80,wk 80,wk\s80(?![:digit:])
abb_us,Week80,WK80,wk_80,wk\_80(?![:digit:])
s_nosp,Week81,WK81,w81,w81(?![:digit:])
s_sp,Week81,WK81,w 81,w\s81(?![:digit:])
s_us,Week81,WK81,w_81,w\_81(?![:digit:])
f_nosp,Week81,WK81,week81,week81(?![:digit:])
f_sp,Week81,WK81,week 81,week\s81(?![:digit:])
f_us,Week81,WK81,week_81,week\_81(?![:digit:])
abb_nosp,Week81,WK81,wk81,wk81(?![:digit:])
abb_sp,Week81,WK81,wk 81,wk\s81(?![:digit:])
abb_us,Week81,WK81,wk_81,wk\_81(?![:digit:])
s_nosp,Week82,WK82,w82,w82(?![:digit:])
s_sp,Week82,WK82,w 82,w\s82(?![:digit:])
s_us,Week82,WK82,w_82,w\_82(?![:digit:])
f_nosp,Week82,WK82,week82,week82(?![:digit:])
f_sp,Week82,WK82,week 82,week\s82(?![:digit:])
f_us,Week82,WK82,week_82,week\_82(?![:digit:])
abb_nosp,Week82,WK82,wk82,wk82(?![:digit:])
abb_sp,Week82,WK82,wk 82,wk\s82(?![:digit:])
abb_us,Week82,WK82,wk_82,wk\_82(?![:digit:])
s_nosp,Week83,WK83,w83,w83(?![:digit:])
s_sp,Week83,WK83,w 83,w\s83(?![:digit:])
s_us,Week83,WK83,w_83,w\_83(?![:digit:])
f_nosp,Week83,WK83,week83,week83(?![:digit:])
f_sp,Week83,WK83,week 83,week\s83(?![:digit:])
f_us,Week83,WK83,week_83,week\_83(?![:digit:])
abb_nosp,Week83,WK83,wk83,wk83(?![:digit:])
abb_sp,Week83,WK83,wk 83,wk\s83(?![:digit:])
abb_us,Week83,WK83,wk_83,wk\_83(?![:digit:])
s_nosp,Week84,WK84,w84,w84(?![:digit:])
s_sp,Week84,WK84,w 84,w\s84(?![:digit:])
s_us,Week84,WK84,w_84,w\_84(?![:digit:])
f_nosp,Week84,WK84,week84,week84(?![:digit:])
f_sp,Week84,WK84,week 84,week\s84(?![:digit:])
f_us,Week84,WK84,week_84,week\_84(?![:digit:])
abb_nosp,Week84,WK84,wk84,wk84(?![:digit:])
abb_sp,Week84,WK84,wk 84,wk\s84(?![:digit:])
abb_us,Week84,WK84,wk_84,wk\_84(?![:digit:])
s_nosp,Week85,WK85,w85,w85(?![:digit:])
s_sp,Week85,WK85,w 85,w\s85(?![:digit:])
s_us,Week85,WK85,w_85,w\_85(?![:digit:])
f_nosp,Week85,WK85,week85,week85(?![:digit:])
f_sp,Week85,WK85,week 85,week\s85(?![:digit:])
f_us,Week85,WK85,week_85,week\_85(?![:digit:])
abb_nosp,Week85,WK85,wk85,wk85(?![:digit:])
abb_sp,Week85,WK85,wk 85,wk\s85(?![:digit:])
abb_us,Week85,WK85,wk_85,wk\_85(?![:digit:])
s_nosp,Week86,WK86,w86,w86(?![:digit:])
s_sp,Week86,WK86,w 86,w\s86(?![:digit:])
s_us,Week86,WK86,w_86,w\_86(?![:digit:])
f_nosp,Week86,WK86,week86,week86(?![:digit:])
f_sp,Week86,WK86,week 86,week\s86(?![:digit:])
f_us,Week86,WK86,week_86,week\_86(?![:digit:])
abb_nosp,Week86,WK86,wk86,wk86(?![:digit:])
abb_sp,Week86,WK86,wk 86,wk\s86(?![:digit:])
abb_us,Week86,WK86,wk_86,wk\_86(?![:digit:])
s_nosp,Week87,WK87,w87,w87(?![:digit:])
s_sp,Week87,WK87,w 87,w\s87(?![:digit:])
s_us,Week87,WK87,w_87,w\_87(?![:digit:])
f_nosp,Week87,WK87,week87,week87(?![:digit:])
f_sp,Week87,WK87,week 87,week\s87(?![:digit:])
f_us,Week87,WK87,week_87,week\_87(?![:digit:])
abb_nosp,Week87,WK87,wk87,wk87(?![:digit:])
abb_sp,Week87,WK87,wk 87,wk\s87(?![:digit:])
abb_us,Week87,WK87,wk_87,wk\_87(?![:digit:])
s_nosp,Week88,WK88,w88,w88(?![:digit:])
s_sp,Week88,WK88,w 88,w\s88(?![:digit:])
s_us,Week88,WK88,w_88,w\_88(?![:digit:])
f_nosp,Week88,WK88,week88,week88(?![:digit:])
f_sp,Week88,WK88,week 88,week\s88(?![:digit:])
f_us,Week88,WK88,week_88,week\_88(?![:digit:])
abb_nosp,Week88,WK88,wk88,wk88(?![:digit:])
abb_sp,Week88,WK88,wk 88,wk\s88(?![:digit:])
abb_us,Week88,WK88,wk_88,wk\_88(?![:digit:])
s_nosp,Week89,WK89,w89,w89(?![:digit:])
s_sp,Week89,WK89,w 89,w\s89(?![:digit:])
s_us,Week89,WK89,w_89,w\_89(?![:digit:])
f_nosp,Week89,WK89,week89,week89(?![:digit:])
f_sp,Week89,WK89,week 89,week\s89(?![:digit:])
f_us,Week89,WK89,week_89,week\_89(?![:digit:])
abb_nosp,Week89,WK89,wk89,wk89(?![:digit:])
abb_sp,Week89,WK89,wk 89,wk\s89(?![:digit:])
abb_us,Week89,WK89,wk_89,wk\_89(?![:digit:])
s_nosp,Week90,WK90,w90,w90(?![:digit:])
s_sp,Week90,WK90,w 90,w\s90(?![:digit:])
s_us,Week90,WK90,w_90,w\_90(?![:digit:])
f_nosp,Week90,WK90,week90,week90(?![:digit:])
f_sp,Week90,WK90,week 90,week\s90(?![:digit:])
f_us,Week90,WK90,week_90,week\_90(?![:digit:])
abb_nosp,Week90,WK90,wk90,wk90(?![:digit:])
abb_sp,Week90,WK90,wk 90,wk\s90(?![:digit:])
abb_us,Week90,WK90,wk_90,wk\_90(?![:digit:])
s_nosp,Week91,WK91,w91,w91(?![:digit:])
s_sp,Week91,WK91,w 91,w\s91(?![:digit:])
s_us,Week91,WK91,w_91,w\_91(?![:digit:])
f_nosp,Week91,WK91,week91,week91(?![:digit:])
f_sp,Week91,WK91,week 91,week\s91(?![:digit:])
f_us,Week91,WK91,week_91,week\_91(?![:digit:])
abb_nosp,Week91,WK91,wk91,wk91(?![:digit:])
abb_sp,Week91,WK91,wk 91,wk\s91(?![:digit:])
abb_us,Week91,WK91,wk_91,wk\_91(?![:digit:])
s_nosp,Week92,WK92,w92,w92(?![:digit:])
s_sp,Week92,WK92,w 92,w\s92(?![:digit:])
s_us,Week92,WK92,w_92,w\_92(?![:digit:])
f_nosp,Week92,WK92,week92,week92(?![:digit:])
f_sp,Week92,WK92,week 92,week\s92(?![:digit:])
f_us,Week92,WK92,week_92,week\_92(?![:digit:])
abb_nosp,Week92,WK92,wk92,wk92(?![:digit:])
abb_sp,Week92,WK92,wk 92,wk\s92(?![:digit:])
abb_us,Week92,WK92,wk_92,wk\_92(?![:digit:])
s_nosp,Week93,WK93,w93,w93(?![:digit:])
s_sp,Week93,WK93,w 93,w\s93(?![:digit:])
s_us,Week93,WK93,w_93,w\_93(?![:digit:])
f_nosp,Week93,WK93,week93,week93(?![:digit:])
f_sp,Week93,WK93,week 93,week\s93(?![:digit:])
f_us,Week93,WK93,week_93,week\_93(?![:digit:])
abb_nosp,Week93,WK93,wk93,wk93(?![:digit:])
abb_sp,Week93,WK93,wk 93,wk\s93(?![:digit:])
abb_us,Week93,WK93,wk_93,wk\_93(?![:digit:])
s_nosp,Week94,WK94,w94,w94(?![:digit:])
s_sp,Week94,WK94,w 94,w\s94(?![:digit:])
s_us,Week94,WK94,w_94,w\_94(?![:digit:])
f_nosp,Week94,WK94,week94,week94(?![:digit:])
f_sp,Week94,WK94,week 94,week\s94(?![:digit:])
f_us,Week94,WK94,week_94,week\_94(?![:digit:])
abb_nosp,Week94,WK94,wk94,wk94(?![:digit:])
abb_sp,Week94,WK94,wk 94,wk\s94(?![:digit:])
abb_us,Week94,WK94,wk_94,wk\_94(?![:digit:])
s_nosp,Week95,WK95,w95,w95(?![:digit:])
s_sp,Week95,WK95,w 95,w\s95(?![:digit:])
s_us,Week95,WK95,w_95,w\_95(?![:digit:])
f_nosp,Week95,WK95,week95,week95(?![:digit:])
f_sp,Week95,WK95,week 95,week\s95(?![:digit:])
f_us,Week95,WK95,week_95,week\_95(?![:digit:])
abb_nosp,Week95,WK95,wk95,wk95(?![:digit:])
abb_sp,Week95,WK95,wk 95,wk\s95(?![:digit:])
abb_us,Week95,WK95,wk_95,wk\_95(?![:digit:])
s_nosp,Week96,WK96,w96,w96(?![:digit:])
s_sp,Week96,WK96,w 96,w\s96(?![:digit:])
s_us,Week96,WK96,w_96,w\_96(?![:digit:])
f_nosp,Week96,WK96,week96,week96(?![:digit:])
f_sp,Week96,WK96,week 96,week\s96(?![:digit:])
f_us,Week96,WK96,week_96,week\_96(?![:digit:])
abb_nosp,Week96,WK96,wk96,wk96(?![:digit:])
abb_sp,Week96,WK96,wk 96,wk\s96(?![:digit:])
abb_us,Week96,WK96,wk_96,wk\_96(?![:digit:])
s_nosp,Week97,WK97,w97,w97(?![:digit:])
s_sp,Week97,WK97,w 97,w\s97(?![:digit:])
s_us,Week97,WK97,w_97,w\_97(?![:digit:])
f_nosp,Week97,WK97,week97,week97(?![:digit:])
f_sp,Week97,WK97,week 97,week\s97(?![:digit:])
f_us,Week97,WK97,week_97,week\_97(?![:digit:])
abb_nosp,Week97,WK97,wk97,wk97(?![:digit:])
abb_sp,Week97,WK97,wk 97,wk\s97(?![:digit:])
abb_us,Week97,WK97,wk_97,wk\_97(?![:digit:])
s_nosp,Week98,WK98,w98,w98(?![:digit:])
s_sp,Week98,WK98,w 98,w\s98(?![:digit:])
s_us,Week98,WK98,w_98,w\_98(?![:digit:])
f_nosp,Week98,WK98,week98,week98(?![:digit:])
f_sp,Week98,WK98,week 98,week\s98(?![:digit:])
f_us,Week98,WK98,week_98,week\_98(?![:digit:])
abb_nosp,Week98,WK98,wk98,wk98(?![:digit:])
abb_sp,Week98,WK98,wk 98,wk\s98(?![:digit:])
abb_us,Week98,WK98,wk_98,wk\_98(?![:digit:])
s_nosp,Week99,WK99,w99,w99(?![:digit:])
s_sp,Week99,WK99,w 99,w\s99(?![:digit:])
s_us,Week99,WK99,w_99,w\_99(?![:digit:])
f_nosp,Week99,WK99,week99,week99(?![:digit:])
f_sp,Week99,WK99,week 99,week\s99(?![:digit:])
f_us,Week99,WK99,week_99,week\_99(?![:digit:])
abb_nosp,Week99,WK99,wk99,wk99(?![:digit:])
abb_sp,Week99,WK99,wk 99,wk\s99(?![:digit:])
abb_us,Week99,WK99,wk_99,wk\_99(?![:digit:])
s_nosp,Week100,WK100,w100,w100(?![:digit:])
s_sp,Week100,WK100,w 100,w\s100(?![:digit:])
s_us,Week100,WK100,w_100,w\_100(?![:digit:])
f_nosp,Week100,WK100,week100,week100(?![:digit:])
f_sp,Week100,WK100,week 100,week\s100(?![:digit:])
f_us,Week100,WK100,week_100,week\_100(?![:digit:])
abb_nosp,Week100,WK100,wk100,wk100(?![:digit:])
abb_sp,Week100,WK100,wk 100,wk\s100(?![:digit:])
abb_us,Week100,WK100,wk_100,wk\_100(?![:digit:])
